[10-Mar-2026 09:16:48 UTC] Error de evento de reprogramación de cron para el gancho: action_scheduler_run_queue. Código de error: invalid_schedule. Mensaje de error: El evento programado no existe.. Datos: {"schedule":"every_minute","args":["WP Cron"],"interval":60}
[10-Mar-2026 09:16:48 UTC] Error de evento de reprogramación de cron para el gancho: alquipress_ical_sync_all. Código de error: invalid_schedule. Mensaje de error: El evento programado no existe.. Datos: {"schedule":"every_15_minutes","args":[],"interval":900}
[10-Mar-2026 09:21:42 UTC] ALQUIPRESS Kyero: Nonce faltante en save_post_product (Post ID: 4056)
[10-Mar-2026 09:28:26 UTC] ALQUIPRESS Kyero: Nonce faltante en save_post_product (Post ID: 3866)
[10-Mar-2026 09:32:24 UTC] ALQUIPRESS Kyero: Nonce faltante en save_post_product (Post ID: 4058)
[10-Mar-2026 09:34:16 UTC] ALQUIPRESS Kyero: Nonce faltante en save_post_product (Post ID: 4058)
[10-Mar-2026 09:34:49 UTC] ALQUIPRESS Kyero: Nonce faltante en save_post_product (Post ID: 4058)
[10-Mar-2026 09:47:25 UTC] ALQUIPRESS Kyero: Nonce faltante en save_post_product (Post ID: 4058)
[10-Mar-2026 09:51:12 UTC] ALQUIPRESS Kyero: Nonce faltante en save_post_product (Post ID: 4058)
[10-Mar-2026 09:53:51 UTC] ALQUIPRESS Kyero: Nonce faltante en save_post_product (Post ID: 4059)
[10-Mar-2026 10:46:17 UTC] ALQUIPRESS Kyero: Nonce faltante en save_post_product (Post ID: 4059)
[10-Mar-2026 10:54:06 UTC] ALQUIPRESS Kyero: Nonce faltante en save_post_product (Post ID: 4059)
[10-Mar-2026 11:26:47 UTC] ALQUIPRESS Kyero: Nonce faltante en save_post_product (Post ID: 4059)
[11-Mar-2026 09:37:42 UTC] ALQUIPRESS Kyero: Nonce faltante en save_post_product (Post ID: 4060)
[11-Mar-2026 09:53:10 UTC] PHP Parse error:  syntax error, unexpected token "<" in C:\Users\yagos\Local Sites\alquipressyago\app\public\wp-content\plugins\alquipress-core\includes\modules\properties-page\properties-page.php on line 554
[11-Mar-2026 09:54:01 UTC] PHP Parse error:  syntax error, unexpected token "<" in C:\Users\yagos\Local Sites\alquipressyago\app\public\wp-content\plugins\alquipress-core\includes\modules\properties-page\properties-page.php on line 564
[11-Mar-2026 09:54:01 UTC] PHP Parse error:  syntax error, unexpected token "<" in C:\Users\yagos\Local Sites\alquipressyago\app\public\wp-content\plugins\alquipress-core\includes\modules\properties-page\properties-page.php on line 564
[11-Mar-2026 09:55:41 UTC] PHP Parse error:  syntax error, unexpected token "<" in C:\Users\yagos\Local Sites\alquipressyago\app\public\wp-content\plugins\alquipress-core\includes\modules\properties-page\properties-page.php on line 564
[11-Mar-2026 09:55:41 UTC] PHP Parse error:  syntax error, unexpected token "<" in C:\Users\yagos\Local Sites\alquipressyago\app\public\wp-content\plugins\alquipress-core\includes\modules\properties-page\properties-page.php on line 564
[11-Mar-2026 09:55:43 UTC] PHP Parse error:  syntax error, unexpected token "<" in C:\Users\yagos\Local Sites\alquipressyago\app\public\wp-content\plugins\alquipress-core\includes\modules\properties-page\properties-page.php on line 564
[11-Mar-2026 09:55:43 UTC] PHP Parse error:  syntax error, unexpected token "<" in C:\Users\yagos\Local Sites\alquipressyago\app\public\wp-content\plugins\alquipress-core\includes\modules\properties-page\properties-page.php on line 564
[11-Mar-2026 09:55:45 UTC] PHP Parse error:  syntax error, unexpected token "<" in C:\Users\yagos\Local Sites\alquipressyago\app\public\wp-content\plugins\alquipress-core\includes\modules\properties-page\properties-page.php on line 564
[11-Mar-2026 09:55:45 UTC] PHP Parse error:  syntax error, unexpected token "<" in C:\Users\yagos\Local Sites\alquipressyago\app\public\wp-content\plugins\alquipress-core\includes\modules\properties-page\properties-page.php on line 564
[11-Mar-2026 09:55:47 UTC] PHP Parse error:  syntax error, unexpected token "<" in C:\Users\yagos\Local Sites\alquipressyago\app\public\wp-content\plugins\alquipress-core\includes\modules\properties-page\properties-page.php on line 564
[11-Mar-2026 09:55:47 UTC] PHP Parse error:  syntax error, unexpected token "<" in C:\Users\yagos\Local Sites\alquipressyago\app\public\wp-content\plugins\alquipress-core\includes\modules\properties-page\properties-page.php on line 564
[11-Mar-2026 09:55:48 UTC] PHP Parse error:  syntax error, unexpected token "<" in C:\Users\yagos\Local Sites\alquipressyago\app\public\wp-content\plugins\alquipress-core\includes\modules\properties-page\properties-page.php on line 564
[11-Mar-2026 09:55:48 UTC] PHP Parse error:  syntax error, unexpected token "<" in C:\Users\yagos\Local Sites\alquipressyago\app\public\wp-content\plugins\alquipress-core\includes\modules\properties-page\properties-page.php on line 564
[11-Mar-2026 09:55:48 UTC] PHP Parse error:  syntax error, unexpected token "<" in C:\Users\yagos\Local Sites\alquipressyago\app\public\wp-content\plugins\alquipress-core\includes\modules\properties-page\properties-page.php on line 564
[11-Mar-2026 09:55:49 UTC] PHP Parse error:  syntax error, unexpected token "<" in C:\Users\yagos\Local Sites\alquipressyago\app\public\wp-content\plugins\alquipress-core\includes\modules\properties-page\properties-page.php on line 564
[11-Mar-2026 09:58:32 UTC] PHP Parse error:  syntax error, unexpected token "<" in C:\Users\yagos\Local Sites\alquipressyago\app\public\wp-content\plugins\alquipress-core\includes\modules\properties-page\properties-page.php on line 564
[11-Mar-2026 09:58:32 UTC] PHP Parse error:  syntax error, unexpected token "<" in C:\Users\yagos\Local Sites\alquipressyago\app\public\wp-content\plugins\alquipress-core\includes\modules\properties-page\properties-page.php on line 564
[11-Mar-2026 09:58:33 UTC] PHP Parse error:  syntax error, unexpected token "<" in C:\Users\yagos\Local Sites\alquipressyago\app\public\wp-content\plugins\alquipress-core\includes\modules\properties-page\properties-page.php on line 564
[11-Mar-2026 09:58:33 UTC] PHP Parse error:  syntax error, unexpected token "<" in C:\Users\yagos\Local Sites\alquipressyago\app\public\wp-content\plugins\alquipress-core\includes\modules\properties-page\properties-page.php on line 564
[11-Mar-2026 09:59:31 UTC] PHP Fatal error:  Uncaught Error: Call to undefined method Alquipress_Property_Helper::get_product_surface() in C:\Users\yagos\Local Sites\alquipressyago\app\public\wp-content\plugins\alquipress-core\includes\modules\properties-page\properties-page.php:566
Stack trace:
#0 C:\Users\yagos\Local Sites\alquipressyago\app\public\wp-content\plugins\alquipress-core\includes\modules\properties-page\properties-page.php(23): Alquipress_Properties_Page->render_page()
#1 C:\Users\yagos\Local Sites\alquipressyago\app\public\wp-includes\class-wp-hook.php(341): Alquipress_Properties_Page->maybe_render_section('alquipress-prop...')
#2 C:\Users\yagos\Local Sites\alquipressyago\app\public\wp-includes\class-wp-hook.php(365): WP_Hook->apply_filters(NULL, Array)
#3 C:\Users\yagos\Local Sites\alquipressyago\app\public\wp-includes\plugin.php(522): WP_Hook->do_action(Array)
#4 C:\Users\yagos\Local Sites\alquipressyago\app\public\wp-content\plugins\alquipress-core\includes\class-module-manager.php(761): do_action('alquipress_rend...', 'alquipress-prop...')
#5 C:\Users\yagos\Local Sites\alquipressyago\app\public\wp-includes\class-wp-hook.php(341): Alquipress_Module_Manager->router_render_section('')
#6 C:\Users\yagos\Local Sites\alquipressyago\app\public\wp-includes\class-wp-hook.php(365): WP_Hook->apply_filters('', Array)
#7 C:\Users\yagos\Local Sites\alquipressyago\app\public\wp-includes\plugin.php(522): WP_Hook->do_action(Array)
#8 C:\Users\yagos\Local Sites\alquipressyago\app\public\wp-admin\admin.php(264): do_action('dashboard_page_...')
#9 {main}
  thrown in C:\Users\yagos\Local Sites\alquipressyago\app\public\wp-content\plugins\alquipress-core\includes\modules\properties-page\properties-page.php on line 566
[12-Mar-2026 09:29:58 UTC] ALQUIPRESS Kyero: Nonce faltante en save_post_product (Post ID: 4060)
[13-Mar-2026 08:55:08 UTC] ALQUIPRESS Kyero: Nonce faltante en save_post_product (Post ID: 4060)
[13-Mar-2026 08:56:04 UTC] ALQUIPRESS Kyero: Nonce faltante en save_post_product (Post ID: 4060)
[13-Mar-2026 08:59:41 UTC] ALQUIPRESS Kyero: Nonce faltante en save_post_product (Post ID: 4060)
[13-Mar-2026 09:02:25 UTC] ALQUIPRESS Kyero: Nonce faltante en save_post_product (Post ID: 4060)
[13-Mar-2026 09:24:52 UTC] PHP Warning:  Array to string conversion in C:\Users\yagos\Local Sites\alquipressyago\app\public\debug-all-keys.php on line 28
[13-Mar-2026 09:24:52 UTC] PHP Warning:  Array to string conversion in C:\Users\yagos\Local Sites\alquipressyago\app\public\debug-all-keys.php on line 28
[13-Mar-2026 09:24:52 UTC] PHP Warning:  Array to string conversion in C:\Users\yagos\Local Sites\alquipressyago\app\public\debug-all-keys.php on line 28
[13-Mar-2026 09:24:52 UTC] PHP Warning:  Array to string conversion in C:\Users\yagos\Local Sites\alquipressyago\app\public\debug-all-keys.php on line 28
[13-Mar-2026 09:24:52 UTC] PHP Warning:  Array to string conversion in C:\Users\yagos\Local Sites\alquipressyago\app\public\debug-all-keys.php on line 28
[13-Mar-2026 09:24:52 UTC] PHP Warning:  Array to string conversion in C:\Users\yagos\Local Sites\alquipressyago\app\public\debug-all-keys.php on line 28
[13-Mar-2026 09:24:52 UTC] PHP Warning:  Array to string conversion in C:\Users\yagos\Local Sites\alquipressyago\app\public\debug-all-keys.php on line 28
[13-Mar-2026 09:24:52 UTC] PHP Warning:  Array to string conversion in C:\Users\yagos\Local Sites\alquipressyago\app\public\debug-all-keys.php on line 28
[13-Mar-2026 09:24:52 UTC] PHP Warning:  Array to string conversion in C:\Users\yagos\Local Sites\alquipressyago\app\public\debug-all-keys.php on line 28
[13-Mar-2026 09:24:52 UTC] PHP Warning:  Array to string conversion in C:\Users\yagos\Local Sites\alquipressyago\app\public\debug-all-keys.php on line 28
[13-Mar-2026 09:24:52 UTC] PHP Warning:  Array to string conversion in C:\Users\yagos\Local Sites\alquipressyago\app\public\debug-all-keys.php on line 28
[13-Mar-2026 09:24:52 UTC] PHP Warning:  Array to string conversion in C:\Users\yagos\Local Sites\alquipressyago\app\public\debug-all-keys.php on line 28
[13-Mar-2026 09:24:52 UTC] PHP Warning:  Array to string conversion in C:\Users\yagos\Local Sites\alquipressyago\app\public\debug-all-keys.php on line 28
[13-Mar-2026 09:24:52 UTC] PHP Warning:  Array to string conversion in C:\Users\yagos\Local Sites\alquipressyago\app\public\debug-all-keys.php on line 28
[13-Mar-2026 09:51:01 UTC] PHP Warning:  Undefined variable $key in C:\Users\yagos\Local Sites\alquipressyago\app\public\deep-price-search.php on line 7
[13-Mar-2026 09:51:01 UTC] PHP Warning:  Undefined variable $key in C:\Users\yagos\Local Sites\alquipressyago\app\public\deep-price-search.php on line 7
[13-Mar-2026 09:51:01 UTC] PHP Warning:  Undefined variable $key in C:\Users\yagos\Local Sites\alquipressyago\app\public\deep-price-search.php on line 7
[13-Mar-2026 09:51:01 UTC] PHP Warning:  Undefined variable $key in C:\Users\yagos\Local Sites\alquipressyago\app\public\deep-price-search.php on line 7
[13-Mar-2026 09:51:01 UTC] PHP Warning:  Undefined variable $key in C:\Users\yagos\Local Sites\alquipressyago\app\public\deep-price-search.php on line 7
[13-Mar-2026 09:51:01 UTC] PHP Warning:  Undefined variable $key in C:\Users\yagos\Local Sites\alquipressyago\app\public\deep-price-search.php on line 7
[13-Mar-2026 09:51:01 UTC] PHP Warning:  Undefined variable $key in C:\Users\yagos\Local Sites\alquipressyago\app\public\deep-price-search.php on line 7
[13-Mar-2026 09:51:01 UTC] PHP Warning:  Undefined variable $key in C:\Users\yagos\Local Sites\alquipressyago\app\public\deep-price-search.php on line 7
[13-Mar-2026 09:51:01 UTC] PHP Warning:  Undefined variable $key in C:\Users\yagos\Local Sites\alquipressyago\app\public\deep-price-search.php on line 7
[13-Mar-2026 09:51:01 UTC] PHP Warning:  Undefined variable $key in C:\Users\yagos\Local Sites\alquipressyago\app\public\deep-price-search.php on line 7
[13-Mar-2026 09:51:01 UTC] PHP Warning:  Undefined variable $key in C:\Users\yagos\Local Sites\alquipressyago\app\public\deep-price-search.php on line 7
[13-Mar-2026 09:51:01 UTC] PHP Warning:  Undefined variable $key in C:\Users\yagos\Local Sites\alquipressyago\app\public\deep-price-search.php on line 7
[13-Mar-2026 09:51:01 UTC] PHP Warning:  Undefined variable $key in C:\Users\yagos\Local Sites\alquipressyago\app\public\deep-price-search.php on line 7
[13-Mar-2026 09:51:01 UTC] PHP Warning:  Undefined variable $key in C:\Users\yagos\Local Sites\alquipressyago\app\public\deep-price-search.php on line 7
[13-Mar-2026 09:51:01 UTC] PHP Warning:  Undefined variable $key in C:\Users\yagos\Local Sites\alquipressyago\app\public\deep-price-search.php on line 7
[13-Mar-2026 09:51:01 UTC] PHP Warning:  Undefined variable $key in C:\Users\yagos\Local Sites\alquipressyago\app\public\deep-price-search.php on line 7
[13-Mar-2026 09:51:01 UTC] PHP Warning:  Undefined variable $key in C:\Users\yagos\Local Sites\alquipressyago\app\public\deep-price-search.php on line 7
[13-Mar-2026 09:51:01 UTC] PHP Warning:  Undefined variable $key in C:\Users\yagos\Local Sites\alquipressyago\app\public\deep-price-search.php on line 7
[13-Mar-2026 09:51:01 UTC] PHP Warning:  Undefined variable $key in C:\Users\yagos\Local Sites\alquipressyago\app\public\deep-price-search.php on line 7
[13-Mar-2026 09:51:01 UTC] PHP Warning:  Undefined variable $key in C:\Users\yagos\Local Sites\alquipressyago\app\public\deep-price-search.php on line 7
[13-Mar-2026 09:51:01 UTC] PHP Warning:  Undefined variable $key in C:\Users\yagos\Local Sites\alquipressyago\app\public\deep-price-search.php on line 7
[13-Mar-2026 09:51:01 UTC] PHP Warning:  Undefined variable $key in C:\Users\yagos\Local Sites\alquipressyago\app\public\deep-price-search.php on line 7
[13-Mar-2026 09:51:01 UTC] PHP Warning:  Undefined variable $key in C:\Users\yagos\Local Sites\alquipressyago\app\public\deep-price-search.php on line 7
[13-Mar-2026 09:51:01 UTC] PHP Warning:  Undefined variable $key in C:\Users\yagos\Local Sites\alquipressyago\app\public\deep-price-search.php on line 7
[13-Mar-2026 09:51:01 UTC] PHP Warning:  Undefined variable $key in C:\Users\yagos\Local Sites\alquipressyago\app\public\deep-price-search.php on line 7
[13-Mar-2026 09:51:01 UTC] PHP Warning:  Undefined variable $key in C:\Users\yagos\Local Sites\alquipressyago\app\public\deep-price-search.php on line 7
[13-Mar-2026 09:51:01 UTC] PHP Warning:  Undefined variable $key in C:\Users\yagos\Local Sites\alquipressyago\app\public\deep-price-search.php on line 7
[13-Mar-2026 09:51:01 UTC] PHP Warning:  Undefined variable $key in C:\Users\yagos\Local Sites\alquipressyago\app\public\deep-price-search.php on line 7
[13-Mar-2026 09:51:01 UTC] PHP Warning:  Undefined variable $key in C:\Users\yagos\Local Sites\alquipressyago\app\public\deep-price-search.php on line 7
[13-Mar-2026 09:51:01 UTC] PHP Warning:  Undefined variable $key in C:\Users\yagos\Local Sites\alquipressyago\app\public\deep-price-search.php on line 7
[13-Mar-2026 09:51:01 UTC] PHP Warning:  Undefined variable $key in C:\Users\yagos\Local Sites\alquipressyago\app\public\deep-price-search.php on line 7
[13-Mar-2026 09:51:01 UTC] PHP Warning:  Undefined variable $key in C:\Users\yagos\Local Sites\alquipressyago\app\public\deep-price-search.php on line 7
[13-Mar-2026 09:51:01 UTC] PHP Warning:  Undefined variable $key in C:\Users\yagos\Local Sites\alquipressyago\app\public\deep-price-search.php on line 7
[13-Mar-2026 09:51:01 UTC] PHP Warning:  Undefined variable $key in C:\Users\yagos\Local Sites\alquipressyago\app\public\deep-price-search.php on line 7
[13-Mar-2026 09:51:01 UTC] PHP Warning:  Undefined variable $key in C:\Users\yagos\Local Sites\alquipressyago\app\public\deep-price-search.php on line 7
[13-Mar-2026 09:51:01 UTC] PHP Warning:  Undefined variable $key in C:\Users\yagos\Local Sites\alquipressyago\app\public\deep-price-search.php on line 7
[13-Mar-2026 09:51:01 UTC] PHP Warning:  Undefined variable $key in C:\Users\yagos\Local Sites\alquipressyago\app\public\deep-price-search.php on line 7
[13-Mar-2026 09:51:01 UTC] PHP Warning:  Undefined variable $key in C:\Users\yagos\Local Sites\alquipressyago\app\public\deep-price-search.php on line 7
[13-Mar-2026 09:51:01 UTC] PHP Warning:  Undefined variable $key in C:\Users\yagos\Local Sites\alquipressyago\app\public\deep-price-search.php on line 7
[13-Mar-2026 09:51:01 UTC] PHP Warning:  Undefined variable $key in C:\Users\yagos\Local Sites\alquipressyago\app\public\deep-price-search.php on line 7
[13-Mar-2026 09:51:01 UTC] PHP Warning:  Undefined variable $key in C:\Users\yagos\Local Sites\alquipressyago\app\public\deep-price-search.php on line 7
[13-Mar-2026 09:51:01 UTC] PHP Warning:  Undefined variable $key in C:\Users\yagos\Local Sites\alquipressyago\app\public\deep-price-search.php on line 7
[13-Mar-2026 09:51:01 UTC] PHP Warning:  Undefined variable $key in C:\Users\yagos\Local Sites\alquipressyago\app\public\deep-price-search.php on line 7
[13-Mar-2026 09:51:01 UTC] PHP Warning:  Undefined variable $key in C:\Users\yagos\Local Sites\alquipressyago\app\public\deep-price-search.php on line 7
[13-Mar-2026 09:51:01 UTC] PHP Warning:  Undefined variable $key in C:\Users\yagos\Local Sites\alquipressyago\app\public\deep-price-search.php on line 7
[13-Mar-2026 09:51:01 UTC] PHP Warning:  Undefined variable $key in C:\Users\yagos\Local Sites\alquipressyago\app\public\deep-price-search.php on line 7
[13-Mar-2026 09:51:01 UTC] PHP Warning:  Undefined variable $key in C:\Users\yagos\Local Sites\alquipressyago\app\public\deep-price-search.php on line 7
[13-Mar-2026 09:51:01 UTC] PHP Warning:  Undefined variable $key in C:\Users\yagos\Local Sites\alquipressyago\app\public\deep-price-search.php on line 7
[13-Mar-2026 09:51:01 UTC] PHP Warning:  Undefined variable $key in C:\Users\yagos\Local Sites\alquipressyago\app\public\deep-price-search.php on line 7
[13-Mar-2026 09:51:01 UTC] PHP Warning:  Undefined variable $key in C:\Users\yagos\Local Sites\alquipressyago\app\public\deep-price-search.php on line 7
[13-Mar-2026 09:51:01 UTC] PHP Warning:  Undefined variable $key in C:\Users\yagos\Local Sites\alquipressyago\app\public\deep-price-search.php on line 7
[13-Mar-2026 09:51:01 UTC] PHP Warning:  Undefined variable $key in C:\Users\yagos\Local Sites\alquipressyago\app\public\deep-price-search.php on line 7
[13-Mar-2026 09:51:01 UTC] PHP Warning:  Undefined variable $key in C:\Users\yagos\Local Sites\alquipressyago\app\public\deep-price-search.php on line 7
[13-Mar-2026 09:51:01 UTC] PHP Warning:  Undefined variable $key in C:\Users\yagos\Local Sites\alquipressyago\app\public\deep-price-search.php on line 7
[13-Mar-2026 09:51:01 UTC] PHP Warning:  Undefined variable $key in C:\Users\yagos\Local Sites\alquipressyago\app\public\deep-price-search.php on line 7
[13-Mar-2026 09:51:01 UTC] PHP Warning:  Undefined variable $key in C:\Users\yagos\Local Sites\alquipressyago\app\public\deep-price-search.php on line 7
[13-Mar-2026 09:51:01 UTC] PHP Warning:  Undefined variable $key in C:\Users\yagos\Local Sites\alquipressyago\app\public\deep-price-search.php on line 7
[13-Mar-2026 09:51:01 UTC] PHP Warning:  Undefined variable $key in C:\Users\yagos\Local Sites\alquipressyago\app\public\deep-price-search.php on line 7
[13-Mar-2026 09:51:01 UTC] PHP Warning:  Undefined variable $key in C:\Users\yagos\Local Sites\alquipressyago\app\public\deep-price-search.php on line 7
[13-Mar-2026 09:51:01 UTC] PHP Warning:  Undefined variable $key in C:\Users\yagos\Local Sites\alquipressyago\app\public\deep-price-search.php on line 7
[13-Mar-2026 09:51:01 UTC] PHP Warning:  Undefined variable $key in C:\Users\yagos\Local Sites\alquipressyago\app\public\deep-price-search.php on line 7
[13-Mar-2026 09:51:01 UTC] PHP Warning:  Undefined variable $key in C:\Users\yagos\Local Sites\alquipressyago\app\public\deep-price-search.php on line 7
[13-Mar-2026 09:51:01 UTC] PHP Warning:  Undefined variable $key in C:\Users\yagos\Local Sites\alquipressyago\app\public\deep-price-search.php on line 7
[13-Mar-2026 09:51:01 UTC] PHP Warning:  Undefined variable $key in C:\Users\yagos\Local Sites\alquipressyago\app\public\deep-price-search.php on line 7
[13-Mar-2026 09:51:01 UTC] PHP Warning:  Undefined variable $key in C:\Users\yagos\Local Sites\alquipressyago\app\public\deep-price-search.php on line 7
[13-Mar-2026 09:51:01 UTC] PHP Warning:  Undefined variable $key in C:\Users\yagos\Local Sites\alquipressyago\app\public\deep-price-search.php on line 7
[13-Mar-2026 09:51:01 UTC] PHP Warning:  Undefined variable $key in C:\Users\yagos\Local Sites\alquipressyago\app\public\deep-price-search.php on line 7
[13-Mar-2026 09:51:01 UTC] PHP Warning:  Undefined variable $key in C:\Users\yagos\Local Sites\alquipressyago\app\public\deep-price-search.php on line 7
[13-Mar-2026 09:51:01 UTC] PHP Warning:  Undefined variable $key in C:\Users\yagos\Local Sites\alquipressyago\app\public\deep-price-search.php on line 7
[13-Mar-2026 09:51:01 UTC] PHP Warning:  Undefined variable $key in C:\Users\yagos\Local Sites\alquipressyago\app\public\deep-price-search.php on line 7
[13-Mar-2026 09:51:01 UTC] PHP Warning:  Undefined variable $key in C:\Users\yagos\Local Sites\alquipressyago\app\public\deep-price-search.php on line 7
[13-Mar-2026 09:51:01 UTC] PHP Warning:  Undefined variable $key in C:\Users\yagos\Local Sites\alquipressyago\app\public\deep-price-search.php on line 7
[13-Mar-2026 09:51:01 UTC] PHP Warning:  Undefined variable $key in C:\Users\yagos\Local Sites\alquipressyago\app\public\deep-price-search.php on line 7
[13-Mar-2026 09:51:01 UTC] PHP Warning:  Undefined variable $key in C:\Users\yagos\Local Sites\alquipressyago\app\public\deep-price-search.php on line 7
[13-Mar-2026 09:51:01 UTC] PHP Warning:  Undefined variable $key in C:\Users\yagos\Local Sites\alquipressyago\app\public\deep-price-search.php on line 7
[13-Mar-2026 09:51:01 UTC] PHP Warning:  Undefined variable $key in C:\Users\yagos\Local Sites\alquipressyago\app\public\deep-price-search.php on line 7
[13-Mar-2026 09:51:01 UTC] PHP Warning:  Undefined variable $key in C:\Users\yagos\Local Sites\alquipressyago\app\public\deep-price-search.php on line 7
[13-Mar-2026 09:51:01 UTC] PHP Warning:  Undefined variable $key in C:\Users\yagos\Local Sites\alquipressyago\app\public\deep-price-search.php on line 7
[13-Mar-2026 09:51:01 UTC] PHP Warning:  Undefined variable $key in C:\Users\yagos\Local Sites\alquipressyago\app\public\deep-price-search.php on line 7
[13-Mar-2026 09:51:01 UTC] PHP Warning:  Undefined variable $key in C:\Users\yagos\Local Sites\alquipressyago\app\public\deep-price-search.php on line 7
[13-Mar-2026 09:51:01 UTC] PHP Warning:  Undefined variable $key in C:\Users\yagos\Local Sites\alquipressyago\app\public\deep-price-search.php on line 7
[13-Mar-2026 09:51:01 UTC] PHP Warning:  Undefined variable $key in C:\Users\yagos\Local Sites\alquipressyago\app\public\deep-price-search.php on line 7
[13-Mar-2026 09:51:01 UTC] PHP Warning:  Undefined variable $key in C:\Users\yagos\Local Sites\alquipressyago\app\public\deep-price-search.php on line 7
[13-Mar-2026 09:51:01 UTC] PHP Warning:  Undefined variable $key in C:\Users\yagos\Local Sites\alquipressyago\app\public\deep-price-search.php on line 7
[13-Mar-2026 09:51:01 UTC] PHP Warning:  Undefined variable $key in C:\Users\yagos\Local Sites\alquipressyago\app\public\deep-price-search.php on line 7
[13-Mar-2026 09:51:01 UTC] PHP Warning:  Undefined variable $key in C:\Users\yagos\Local Sites\alquipressyago\app\public\deep-price-search.php on line 7
[13-Mar-2026 09:51:01 UTC] PHP Warning:  Undefined variable $key in C:\Users\yagos\Local Sites\alquipressyago\app\public\deep-price-search.php on line 7
[13-Mar-2026 09:51:01 UTC] PHP Warning:  Undefined variable $key in C:\Users\yagos\Local Sites\alquipressyago\app\public\deep-price-search.php on line 7
[13-Mar-2026 09:51:01 UTC] PHP Warning:  Undefined variable $key in C:\Users\yagos\Local Sites\alquipressyago\app\public\deep-price-search.php on line 7
[13-Mar-2026 09:51:01 UTC] PHP Warning:  Undefined variable $key in C:\Users\yagos\Local Sites\alquipressyago\app\public\deep-price-search.php on line 7
[13-Mar-2026 09:51:01 UTC] PHP Warning:  Undefined variable $key in C:\Users\yagos\Local Sites\alquipressyago\app\public\deep-price-search.php on line 7
[13-Mar-2026 09:51:01 UTC] PHP Warning:  Undefined variable $key in C:\Users\yagos\Local Sites\alquipressyago\app\public\deep-price-search.php on line 7
[13-Mar-2026 09:51:01 UTC] PHP Warning:  Undefined variable $key in C:\Users\yagos\Local Sites\alquipressyago\app\public\deep-price-search.php on line 7
[13-Mar-2026 09:51:01 UTC] PHP Warning:  Undefined variable $key in C:\Users\yagos\Local Sites\alquipressyago\app\public\deep-price-search.php on line 7
[13-Mar-2026 09:51:01 UTC] PHP Warning:  Undefined variable $key in C:\Users\yagos\Local Sites\alquipressyago\app\public\deep-price-search.php on line 7
[13-Mar-2026 09:51:01 UTC] PHP Warning:  Undefined variable $key in C:\Users\yagos\Local Sites\alquipressyago\app\public\deep-price-search.php on line 7
[13-Mar-2026 09:51:01 UTC] PHP Warning:  Undefined variable $key in C:\Users\yagos\Local Sites\alquipressyago\app\public\deep-price-search.php on line 7
[13-Mar-2026 09:51:01 UTC] PHP Warning:  Undefined variable $key in C:\Users\yagos\Local Sites\alquipressyago\app\public\deep-price-search.php on line 7
[13-Mar-2026 09:51:01 UTC] PHP Warning:  Undefined variable $key in C:\Users\yagos\Local Sites\alquipressyago\app\public\deep-price-search.php on line 7
[13-Mar-2026 09:51:01 UTC] PHP Warning:  Undefined variable $key in C:\Users\yagos\Local Sites\alquipressyago\app\public\deep-price-search.php on line 7
[13-Mar-2026 09:51:01 UTC] PHP Warning:  Undefined variable $key in C:\Users\yagos\Local Sites\alquipressyago\app\public\deep-price-search.php on line 7
[13-Mar-2026 09:51:01 UTC] PHP Warning:  Undefined variable $key in C:\Users\yagos\Local Sites\alquipressyago\app\public\deep-price-search.php on line 7
[13-Mar-2026 09:51:01 UTC] PHP Warning:  Undefined variable $key in C:\Users\yagos\Local Sites\alquipressyago\app\public\deep-price-search.php on line 7
[13-Mar-2026 09:51:01 UTC] PHP Warning:  Undefined variable $key in C:\Users\yagos\Local Sites\alquipressyago\app\public\deep-price-search.php on line 7
[13-Mar-2026 09:51:01 UTC] PHP Warning:  Undefined variable $key in C:\Users\yagos\Local Sites\alquipressyago\app\public\deep-price-search.php on line 7
[13-Mar-2026 09:51:01 UTC] PHP Warning:  Undefined variable $key in C:\Users\yagos\Local Sites\alquipressyago\app\public\deep-price-search.php on line 7
[13-Mar-2026 09:51:01 UTC] PHP Warning:  Undefined variable $key in C:\Users\yagos\Local Sites\alquipressyago\app\public\deep-price-search.php on line 7
[13-Mar-2026 09:51:01 UTC] PHP Warning:  Undefined variable $key in C:\Users\yagos\Local Sites\alquipressyago\app\public\deep-price-search.php on line 7
[13-Mar-2026 09:51:01 UTC] PHP Warning:  Undefined variable $key in C:\Users\yagos\Local Sites\alquipressyago\app\public\deep-price-search.php on line 7
[13-Mar-2026 09:51:01 UTC] PHP Warning:  Undefined variable $key in C:\Users\yagos\Local Sites\alquipressyago\app\public\deep-price-search.php on line 7
[13-Mar-2026 09:51:01 UTC] PHP Warning:  Undefined variable $key in C:\Users\yagos\Local Sites\alquipressyago\app\public\deep-price-search.php on line 7
[13-Mar-2026 09:51:01 UTC] PHP Warning:  Undefined variable $key in C:\Users\yagos\Local Sites\alquipressyago\app\public\deep-price-search.php on line 7
[13-Mar-2026 09:51:01 UTC] PHP Warning:  Undefined variable $key in C:\Users\yagos\Local Sites\alquipressyago\app\public\deep-price-search.php on line 7
[13-Mar-2026 09:51:01 UTC] PHP Warning:  Undefined variable $key in C:\Users\yagos\Local Sites\alquipressyago\app\public\deep-price-search.php on line 7
[13-Mar-2026 09:51:01 UTC] PHP Warning:  Undefined variable $key in C:\Users\yagos\Local Sites\alquipressyago\app\public\deep-price-search.php on line 7
[13-Mar-2026 09:51:01 UTC] PHP Warning:  Undefined variable $key in C:\Users\yagos\Local Sites\alquipressyago\app\public\deep-price-search.php on line 7
[13-Mar-2026 09:51:01 UTC] PHP Warning:  Undefined variable $key in C:\Users\yagos\Local Sites\alquipressyago\app\public\deep-price-search.php on line 7
[13-Mar-2026 09:51:01 UTC] PHP Warning:  Undefined variable $key in C:\Users\yagos\Local Sites\alquipressyago\app\public\deep-price-search.php on line 7
[13-Mar-2026 09:51:01 UTC] PHP Warning:  Undefined variable $key in C:\Users\yagos\Local Sites\alquipressyago\app\public\deep-price-search.php on line 7
[13-Mar-2026 09:51:01 UTC] PHP Warning:  Undefined variable $key in C:\Users\yagos\Local Sites\alquipressyago\app\public\deep-price-search.php on line 7
[13-Mar-2026 09:51:01 UTC] PHP Warning:  Undefined variable $key in C:\Users\yagos\Local Sites\alquipressyago\app\public\deep-price-search.php on line 7
[13-Mar-2026 09:51:01 UTC] PHP Warning:  Undefined variable $key in C:\Users\yagos\Local Sites\alquipressyago\app\public\deep-price-search.php on line 7
[13-Mar-2026 09:51:01 UTC] PHP Warning:  Undefined variable $key in C:\Users\yagos\Local Sites\alquipressyago\app\public\deep-price-search.php on line 7
[13-Mar-2026 09:51:01 UTC] PHP Warning:  Undefined variable $key in C:\Users\yagos\Local Sites\alquipressyago\app\public\deep-price-search.php on line 7
[13-Mar-2026 09:51:01 UTC] PHP Warning:  Undefined variable $key in C:\Users\yagos\Local Sites\alquipressyago\app\public\deep-price-search.php on line 7
[13-Mar-2026 09:51:01 UTC] PHP Warning:  Undefined variable $key in C:\Users\yagos\Local Sites\alquipressyago\app\public\deep-price-search.php on line 7
[13-Mar-2026 09:51:01 UTC] PHP Warning:  Undefined variable $key in C:\Users\yagos\Local Sites\alquipressyago\app\public\deep-price-search.php on line 7
[13-Mar-2026 09:51:01 UTC] PHP Warning:  Undefined variable $key in C:\Users\yagos\Local Sites\alquipressyago\app\public\deep-price-search.php on line 7
[13-Mar-2026 09:51:01 UTC] PHP Warning:  Undefined variable $key in C:\Users\yagos\Local Sites\alquipressyago\app\public\deep-price-search.php on line 7
[13-Mar-2026 09:51:01 UTC] PHP Warning:  Undefined variable $key in C:\Users\yagos\Local Sites\alquipressyago\app\public\deep-price-search.php on line 7
[13-Mar-2026 09:51:01 UTC] PHP Warning:  Undefined variable $key in C:\Users\yagos\Local Sites\alquipressyago\app\public\deep-price-search.php on line 7
[13-Mar-2026 09:51:01 UTC] PHP Warning:  Undefined variable $key in C:\Users\yagos\Local Sites\alquipressyago\app\public\deep-price-search.php on line 7
[13-Mar-2026 09:51:01 UTC] PHP Warning:  Undefined variable $key in C:\Users\yagos\Local Sites\alquipressyago\app\public\deep-price-search.php on line 7
[13-Mar-2026 09:51:01 UTC] PHP Warning:  Undefined variable $key in C:\Users\yagos\Local Sites\alquipressyago\app\public\deep-price-search.php on line 7
[13-Mar-2026 09:51:01 UTC] PHP Warning:  Undefined variable $key in C:\Users\yagos\Local Sites\alquipressyago\app\public\deep-price-search.php on line 7
[13-Mar-2026 09:51:01 UTC] PHP Warning:  Undefined variable $key in C:\Users\yagos\Local Sites\alquipressyago\app\public\deep-price-search.php on line 7
[13-Mar-2026 09:51:01 UTC] PHP Warning:  Undefined variable $key in C:\Users\yagos\Local Sites\alquipressyago\app\public\deep-price-search.php on line 7
[13-Mar-2026 09:51:01 UTC] PHP Warning:  Undefined variable $key in C:\Users\yagos\Local Sites\alquipressyago\app\public\deep-price-search.php on line 7
[13-Mar-2026 09:51:01 UTC] PHP Warning:  Undefined variable $key in C:\Users\yagos\Local Sites\alquipressyago\app\public\deep-price-search.php on line 7
[13-Mar-2026 09:51:01 UTC] PHP Warning:  Undefined variable $key in C:\Users\yagos\Local Sites\alquipressyago\app\public\deep-price-search.php on line 7
[13-Mar-2026 09:51:01 UTC] PHP Warning:  Undefined variable $key in C:\Users\yagos\Local Sites\alquipressyago\app\public\deep-price-search.php on line 7
[13-Mar-2026 09:51:01 UTC] PHP Warning:  Undefined variable $key in C:\Users\yagos\Local Sites\alquipressyago\app\public\deep-price-search.php on line 7
[13-Mar-2026 09:51:01 UTC] PHP Warning:  Undefined variable $key in C:\Users\yagos\Local Sites\alquipressyago\app\public\deep-price-search.php on line 7
[13-Mar-2026 09:51:01 UTC] PHP Warning:  Undefined variable $key in C:\Users\yagos\Local Sites\alquipressyago\app\public\deep-price-search.php on line 7
[13-Mar-2026 09:51:01 UTC] PHP Warning:  Undefined variable $key in C:\Users\yagos\Local Sites\alquipressyago\app\public\deep-price-search.php on line 7
[13-Mar-2026 09:51:01 UTC] PHP Warning:  Undefined variable $key in C:\Users\yagos\Local Sites\alquipressyago\app\public\deep-price-search.php on line 7
[13-Mar-2026 09:51:01 UTC] PHP Warning:  Undefined variable $key in C:\Users\yagos\Local Sites\alquipressyago\app\public\deep-price-search.php on line 7
[13-Mar-2026 09:51:01 UTC] PHP Warning:  Undefined variable $key in C:\Users\yagos\Local Sites\alquipressyago\app\public\deep-price-search.php on line 7
[13-Mar-2026 09:51:01 UTC] PHP Warning:  Undefined variable $key in C:\Users\yagos\Local Sites\alquipressyago\app\public\deep-price-search.php on line 7
[13-Mar-2026 09:51:01 UTC] PHP Warning:  Undefined variable $key in C:\Users\yagos\Local Sites\alquipressyago\app\public\deep-price-search.php on line 7
[13-Mar-2026 09:51:01 UTC] PHP Warning:  Undefined variable $key in C:\Users\yagos\Local Sites\alquipressyago\app\public\deep-price-search.php on line 7
[13-Mar-2026 09:51:01 UTC] PHP Warning:  Undefined variable $key in C:\Users\yagos\Local Sites\alquipressyago\app\public\deep-price-search.php on line 7
[13-Mar-2026 09:51:01 UTC] PHP Warning:  Undefined variable $key in C:\Users\yagos\Local Sites\alquipressyago\app\public\deep-price-search.php on line 7
[13-Mar-2026 09:51:01 UTC] PHP Warning:  Undefined variable $key in C:\Users\yagos\Local Sites\alquipressyago\app\public\deep-price-search.php on line 7
[13-Mar-2026 09:51:01 UTC] PHP Warning:  Undefined variable $key in C:\Users\yagos\Local Sites\alquipressyago\app\public\deep-price-search.php on line 7
[13-Mar-2026 09:51:01 UTC] PHP Warning:  Undefined variable $key in C:\Users\yagos\Local Sites\alquipressyago\app\public\deep-price-search.php on line 7
[13-Mar-2026 09:51:01 UTC] PHP Warning:  Undefined variable $key in C:\Users\yagos\Local Sites\alquipressyago\app\public\deep-price-search.php on line 7
[13-Mar-2026 09:51:01 UTC] PHP Warning:  Undefined variable $key in C:\Users\yagos\Local Sites\alquipressyago\app\public\deep-price-search.php on line 7
[13-Mar-2026 09:51:01 UTC] PHP Warning:  Undefined variable $key in C:\Users\yagos\Local Sites\alquipressyago\app\public\deep-price-search.php on line 7
[13-Mar-2026 09:51:01 UTC] PHP Warning:  Undefined variable $key in C:\Users\yagos\Local Sites\alquipressyago\app\public\deep-price-search.php on line 7
[13-Mar-2026 09:51:01 UTC] PHP Warning:  Undefined variable $key in C:\Users\yagos\Local Sites\alquipressyago\app\public\deep-price-search.php on line 7
[13-Mar-2026 09:51:01 UTC] PHP Warning:  Undefined variable $key in C:\Users\yagos\Local Sites\alquipressyago\app\public\deep-price-search.php on line 7
[13-Mar-2026 09:51:01 UTC] PHP Warning:  Undefined variable $key in C:\Users\yagos\Local Sites\alquipressyago\app\public\deep-price-search.php on line 7
[13-Mar-2026 09:51:01 UTC] PHP Warning:  Undefined variable $key in C:\Users\yagos\Local Sites\alquipressyago\app\public\deep-price-search.php on line 7
[13-Mar-2026 09:51:01 UTC] PHP Warning:  Undefined variable $key in C:\Users\yagos\Local Sites\alquipressyago\app\public\deep-price-search.php on line 7
[13-Mar-2026 09:51:01 UTC] PHP Warning:  Undefined variable $key in C:\Users\yagos\Local Sites\alquipressyago\app\public\deep-price-search.php on line 7
[13-Mar-2026 09:51:01 UTC] PHP Warning:  Undefined variable $key in C:\Users\yagos\Local Sites\alquipressyago\app\public\deep-price-search.php on line 7
[13-Mar-2026 09:51:01 UTC] PHP Warning:  Undefined variable $key in C:\Users\yagos\Local Sites\alquipressyago\app\public\deep-price-search.php on line 7
[13-Mar-2026 09:51:01 UTC] PHP Warning:  Undefined variable $key in C:\Users\yagos\Local Sites\alquipressyago\app\public\deep-price-search.php on line 7
[13-Mar-2026 09:51:01 UTC] PHP Warning:  Undefined variable $key in C:\Users\yagos\Local Sites\alquipressyago\app\public\deep-price-search.php on line 7
[13-Mar-2026 09:51:01 UTC] PHP Warning:  Undefined variable $key in C:\Users\yagos\Local Sites\alquipressyago\app\public\deep-price-search.php on line 7
[13-Mar-2026 09:51:01 UTC] PHP Warning:  Undefined variable $key in C:\Users\yagos\Local Sites\alquipressyago\app\public\deep-price-search.php on line 7
[13-Mar-2026 09:51:01 UTC] PHP Warning:  Undefined variable $key in C:\Users\yagos\Local Sites\alquipressyago\app\public\deep-price-search.php on line 7
[13-Mar-2026 09:51:01 UTC] PHP Warning:  Undefined variable $key in C:\Users\yagos\Local Sites\alquipressyago\app\public\deep-price-search.php on line 7
[13-Mar-2026 09:51:01 UTC] PHP Warning:  Undefined variable $key in C:\Users\yagos\Local Sites\alquipressyago\app\public\deep-price-search.php on line 7
[13-Mar-2026 09:51:01 UTC] PHP Warning:  Undefined variable $key in C:\Users\yagos\Local Sites\alquipressyago\app\public\deep-price-search.php on line 7
[13-Mar-2026 09:51:01 UTC] PHP Warning:  Undefined variable $key in C:\Users\yagos\Local Sites\alquipressyago\app\public\deep-price-search.php on line 7
[13-Mar-2026 09:51:01 UTC] PHP Warning:  Undefined variable $key in C:\Users\yagos\Local Sites\alquipressyago\app\public\deep-price-search.php on line 7
[13-Mar-2026 09:51:01 UTC] PHP Warning:  Undefined variable $key in C:\Users\yagos\Local Sites\alquipressyago\app\public\deep-price-search.php on line 7
[13-Mar-2026 09:51:01 UTC] PHP Warning:  Undefined variable $key in C:\Users\yagos\Local Sites\alquipressyago\app\public\deep-price-search.php on line 7
[13-Mar-2026 09:51:01 UTC] PHP Warning:  Undefined variable $key in C:\Users\yagos\Local Sites\alquipressyago\app\public\deep-price-search.php on line 7
[13-Mar-2026 09:51:01 UTC] PHP Warning:  Undefined variable $key in C:\Users\yagos\Local Sites\alquipressyago\app\public\deep-price-search.php on line 7
[13-Mar-2026 09:51:01 UTC] PHP Warning:  Undefined variable $key in C:\Users\yagos\Local Sites\alquipressyago\app\public\deep-price-search.php on line 7
[13-Mar-2026 09:51:01 UTC] PHP Warning:  Undefined variable $key in C:\Users\yagos\Local Sites\alquipressyago\app\public\deep-price-search.php on line 7
[13-Mar-2026 09:51:01 UTC] PHP Warning:  Undefined variable $key in C:\Users\yagos\Local Sites\alquipressyago\app\public\deep-price-search.php on line 7
[13-Mar-2026 09:51:01 UTC] PHP Warning:  Undefined variable $key in C:\Users\yagos\Local Sites\alquipressyago\app\public\deep-price-search.php on line 7
[13-Mar-2026 09:51:01 UTC] PHP Warning:  Undefined variable $key in C:\Users\yagos\Local Sites\alquipressyago\app\public\deep-price-search.php on line 7
[13-Mar-2026 09:51:01 UTC] PHP Warning:  Undefined variable $key in C:\Users\yagos\Local Sites\alquipressyago\app\public\deep-price-search.php on line 7
[13-Mar-2026 09:51:01 UTC] PHP Warning:  Undefined variable $key in C:\Users\yagos\Local Sites\alquipressyago\app\public\deep-price-search.php on line 7
[13-Mar-2026 09:51:01 UTC] PHP Warning:  Undefined variable $key in C:\Users\yagos\Local Sites\alquipressyago\app\public\deep-price-search.php on line 7
[13-Mar-2026 09:51:01 UTC] PHP Warning:  Undefined variable $key in C:\Users\yagos\Local Sites\alquipressyago\app\public\deep-price-search.php on line 7
[13-Mar-2026 09:51:01 UTC] PHP Warning:  Undefined variable $key in C:\Users\yagos\Local Sites\alquipressyago\app\public\deep-price-search.php on line 7
[13-Mar-2026 09:51:01 UTC] PHP Warning:  Undefined variable $key in C:\Users\yagos\Local Sites\alquipressyago\app\public\deep-price-search.php on line 7
[13-Mar-2026 09:51:01 UTC] PHP Warning:  Undefined variable $key in C:\Users\yagos\Local Sites\alquipressyago\app\public\deep-price-search.php on line 7
[13-Mar-2026 09:51:01 UTC] PHP Warning:  Undefined variable $key in C:\Users\yagos\Local Sites\alquipressyago\app\public\deep-price-search.php on line 7
[13-Mar-2026 09:51:01 UTC] PHP Warning:  Undefined variable $key in C:\Users\yagos\Local Sites\alquipressyago\app\public\deep-price-search.php on line 7
[13-Mar-2026 09:51:01 UTC] PHP Warning:  Undefined variable $key in C:\Users\yagos\Local Sites\alquipressyago\app\public\deep-price-search.php on line 7
[13-Mar-2026 09:51:01 UTC] PHP Warning:  Undefined variable $key in C:\Users\yagos\Local Sites\alquipressyago\app\public\deep-price-search.php on line 7
[13-Mar-2026 09:51:01 UTC] PHP Warning:  Undefined variable $key in C:\Users\yagos\Local Sites\alquipressyago\app\public\deep-price-search.php on line 7
[13-Mar-2026 09:51:01 UTC] PHP Warning:  Undefined variable $key in C:\Users\yagos\Local Sites\alquipressyago\app\public\deep-price-search.php on line 7
[13-Mar-2026 09:51:01 UTC] PHP Warning:  Undefined variable $key in C:\Users\yagos\Local Sites\alquipressyago\app\public\deep-price-search.php on line 7
[13-Mar-2026 09:51:01 UTC] PHP Warning:  Undefined variable $key in C:\Users\yagos\Local Sites\alquipressyago\app\public\deep-price-search.php on line 7
[13-Mar-2026 09:51:01 UTC] PHP Warning:  Undefined variable $key in C:\Users\yagos\Local Sites\alquipressyago\app\public\deep-price-search.php on line 7
[13-Mar-2026 09:51:01 UTC] PHP Warning:  Undefined variable $key in C:\Users\yagos\Local Sites\alquipressyago\app\public\deep-price-search.php on line 7
[13-Mar-2026 09:51:01 UTC] PHP Warning:  Undefined variable $key in C:\Users\yagos\Local Sites\alquipressyago\app\public\deep-price-search.php on line 7
[13-Mar-2026 09:51:01 UTC] PHP Warning:  Undefined variable $key in C:\Users\yagos\Local Sites\alquipressyago\app\public\deep-price-search.php on line 7
[13-Mar-2026 09:51:01 UTC] PHP Warning:  Undefined variable $key in C:\Users\yagos\Local Sites\alquipressyago\app\public\deep-price-search.php on line 7
[13-Mar-2026 09:51:01 UTC] PHP Warning:  Undefined variable $key in C:\Users\yagos\Local Sites\alquipressyago\app\public\deep-price-search.php on line 7
[13-Mar-2026 09:51:01 UTC] PHP Warning:  Undefined variable $key in C:\Users\yagos\Local Sites\alquipressyago\app\public\deep-price-search.php on line 7
[13-Mar-2026 09:51:01 UTC] PHP Warning:  Undefined variable $key in C:\Users\yagos\Local Sites\alquipressyago\app\public\deep-price-search.php on line 7
[13-Mar-2026 09:51:01 UTC] PHP Warning:  Undefined variable $key in C:\Users\yagos\Local Sites\alquipressyago\app\public\deep-price-search.php on line 7
[13-Mar-2026 09:51:01 UTC] PHP Warning:  Undefined variable $key in C:\Users\yagos\Local Sites\alquipressyago\app\public\deep-price-search.php on line 7
[13-Mar-2026 09:51:01 UTC] PHP Warning:  Undefined variable $key in C:\Users\yagos\Local Sites\alquipressyago\app\public\deep-price-search.php on line 7
[13-Mar-2026 09:51:01 UTC] PHP Warning:  Undefined variable $key in C:\Users\yagos\Local Sites\alquipressyago\app\public\deep-price-search.php on line 7
[13-Mar-2026 09:51:01 UTC] PHP Warning:  Undefined variable $key in C:\Users\yagos\Local Sites\alquipressyago\app\public\deep-price-search.php on line 7
[13-Mar-2026 09:51:01 UTC] PHP Warning:  Undefined variable $key in C:\Users\yagos\Local Sites\alquipressyago\app\public\deep-price-search.php on line 7
[13-Mar-2026 09:51:01 UTC] PHP Warning:  Undefined variable $key in C:\Users\yagos\Local Sites\alquipressyago\app\public\deep-price-search.php on line 7
[13-Mar-2026 09:51:01 UTC] PHP Warning:  Undefined variable $key in C:\Users\yagos\Local Sites\alquipressyago\app\public\deep-price-search.php on line 7
[13-Mar-2026 09:51:01 UTC] PHP Warning:  Undefined variable $key in C:\Users\yagos\Local Sites\alquipressyago\app\public\deep-price-search.php on line 7
[13-Mar-2026 09:51:01 UTC] PHP Warning:  Undefined variable $key in C:\Users\yagos\Local Sites\alquipressyago\app\public\deep-price-search.php on line 7
[13-Mar-2026 09:51:01 UTC] PHP Warning:  Undefined variable $key in C:\Users\yagos\Local Sites\alquipressyago\app\public\deep-price-search.php on line 7
[13-Mar-2026 09:51:01 UTC] PHP Warning:  Undefined variable $key in C:\Users\yagos\Local Sites\alquipressyago\app\public\deep-price-search.php on line 7
[13-Mar-2026 09:51:01 UTC] PHP Warning:  Undefined variable $key in C:\Users\yagos\Local Sites\alquipressyago\app\public\deep-price-search.php on line 7
[13-Mar-2026 09:51:01 UTC] PHP Warning:  Undefined variable $key in C:\Users\yagos\Local Sites\alquipressyago\app\public\deep-price-search.php on line 7
[13-Mar-2026 09:51:01 UTC] PHP Warning:  Undefined variable $key in C:\Users\yagos\Local Sites\alquipressyago\app\public\deep-price-search.php on line 7
[13-Mar-2026 09:51:01 UTC] PHP Warning:  Undefined variable $key in C:\Users\yagos\Local Sites\alquipressyago\app\public\deep-price-search.php on line 7
[13-Mar-2026 09:51:01 UTC] PHP Warning:  Undefined variable $key in C:\Users\yagos\Local Sites\alquipressyago\app\public\deep-price-search.php on line 7
[13-Mar-2026 09:51:01 UTC] PHP Warning:  Undefined variable $key in C:\Users\yagos\Local Sites\alquipressyago\app\public\deep-price-search.php on line 7
[13-Mar-2026 09:51:01 UTC] PHP Warning:  Undefined variable $key in C:\Users\yagos\Local Sites\alquipressyago\app\public\deep-price-search.php on line 7
[13-Mar-2026 09:51:01 UTC] PHP Warning:  Undefined variable $key in C:\Users\yagos\Local Sites\alquipressyago\app\public\deep-price-search.php on line 7
[13-Mar-2026 09:51:01 UTC] PHP Warning:  Undefined variable $key in C:\Users\yagos\Local Sites\alquipressyago\app\public\deep-price-search.php on line 7
[13-Mar-2026 09:51:01 UTC] PHP Warning:  Undefined variable $key in C:\Users\yagos\Local Sites\alquipressyago\app\public\deep-price-search.php on line 7
[13-Mar-2026 09:51:01 UTC] PHP Warning:  Undefined variable $key in C:\Users\yagos\Local Sites\alquipressyago\app\public\deep-price-search.php on line 7
[13-Mar-2026 09:51:01 UTC] PHP Warning:  Undefined variable $key in C:\Users\yagos\Local Sites\alquipressyago\app\public\deep-price-search.php on line 7
[13-Mar-2026 09:51:01 UTC] PHP Warning:  Undefined variable $key in C:\Users\yagos\Local Sites\alquipressyago\app\public\deep-price-search.php on line 7
[13-Mar-2026 09:51:01 UTC] PHP Warning:  Undefined variable $key in C:\Users\yagos\Local Sites\alquipressyago\app\public\deep-price-search.php on line 7
[13-Mar-2026 09:51:01 UTC] PHP Warning:  Undefined variable $key in C:\Users\yagos\Local Sites\alquipressyago\app\public\deep-price-search.php on line 7
[13-Mar-2026 09:51:01 UTC] PHP Warning:  Undefined variable $key in C:\Users\yagos\Local Sites\alquipressyago\app\public\deep-price-search.php on line 7
[13-Mar-2026 09:51:01 UTC] PHP Warning:  Undefined variable $key in C:\Users\yagos\Local Sites\alquipressyago\app\public\deep-price-search.php on line 7
[13-Mar-2026 09:51:01 UTC] PHP Warning:  Undefined variable $key in C:\Users\yagos\Local Sites\alquipressyago\app\public\deep-price-search.php on line 7
[13-Mar-2026 09:51:01 UTC] PHP Warning:  Undefined variable $key in C:\Users\yagos\Local Sites\alquipressyago\app\public\deep-price-search.php on line 7
[13-Mar-2026 09:51:01 UTC] PHP Warning:  Undefined variable $key in C:\Users\yagos\Local Sites\alquipressyago\app\public\deep-price-search.php on line 7
[13-Mar-2026 09:51:01 UTC] PHP Warning:  Undefined variable $key in C:\Users\yagos\Local Sites\alquipressyago\app\public\deep-price-search.php on line 7
[13-Mar-2026 09:51:01 UTC] PHP Warning:  Undefined variable $key in C:\Users\yagos\Local Sites\alquipressyago\app\public\deep-price-search.php on line 7
[13-Mar-2026 09:51:01 UTC] PHP Warning:  Undefined variable $key in C:\Users\yagos\Local Sites\alquipressyago\app\public\deep-price-search.php on line 7
[13-Mar-2026 09:51:01 UTC] PHP Warning:  Undefined variable $key in C:\Users\yagos\Local Sites\alquipressyago\app\public\deep-price-search.php on line 7
[13-Mar-2026 09:51:01 UTC] PHP Warning:  Undefined variable $key in C:\Users\yagos\Local Sites\alquipressyago\app\public\deep-price-search.php on line 7
[13-Mar-2026 09:51:01 UTC] PHP Warning:  Undefined variable $key in C:\Users\yagos\Local Sites\alquipressyago\app\public\deep-price-search.php on line 7
[13-Mar-2026 09:51:01 UTC] PHP Warning:  Undefined variable $key in C:\Users\yagos\Local Sites\alquipressyago\app\public\deep-price-search.php on line 7
[13-Mar-2026 09:51:01 UTC] PHP Warning:  Undefined variable $key in C:\Users\yagos\Local Sites\alquipressyago\app\public\deep-price-search.php on line 7
[13-Mar-2026 09:51:01 UTC] PHP Warning:  Undefined variable $key in C:\Users\yagos\Local Sites\alquipressyago\app\public\deep-price-search.php on line 7
[13-Mar-2026 09:51:01 UTC] PHP Warning:  Undefined variable $key in C:\Users\yagos\Local Sites\alquipressyago\app\public\deep-price-search.php on line 7
[13-Mar-2026 09:51:01 UTC] PHP Warning:  Undefined variable $key in C:\Users\yagos\Local Sites\alquipressyago\app\public\deep-price-search.php on line 7
[13-Mar-2026 09:51:01 UTC] PHP Warning:  Undefined variable $key in C:\Users\yagos\Local Sites\alquipressyago\app\public\deep-price-search.php on line 7
[13-Mar-2026 09:51:01 UTC] PHP Warning:  Undefined variable $key in C:\Users\yagos\Local Sites\alquipressyago\app\public\deep-price-search.php on line 7
[13-Mar-2026 09:51:01 UTC] PHP Warning:  Undefined variable $key in C:\Users\yagos\Local Sites\alquipressyago\app\public\deep-price-search.php on line 7
[13-Mar-2026 09:51:01 UTC] PHP Warning:  Undefined variable $key in C:\Users\yagos\Local Sites\alquipressyago\app\public\deep-price-search.php on line 7
[13-Mar-2026 09:51:01 UTC] PHP Warning:  Undefined variable $key in C:\Users\yagos\Local Sites\alquipressyago\app\public\deep-price-search.php on line 7
[13-Mar-2026 09:51:01 UTC] PHP Warning:  Undefined variable $key in C:\Users\yagos\Local Sites\alquipressyago\app\public\deep-price-search.php on line 7
[13-Mar-2026 09:51:01 UTC] PHP Warning:  Undefined variable $key in C:\Users\yagos\Local Sites\alquipressyago\app\public\deep-price-search.php on line 7
[13-Mar-2026 09:51:01 UTC] PHP Warning:  Undefined variable $key in C:\Users\yagos\Local Sites\alquipressyago\app\public\deep-price-search.php on line 7
[13-Mar-2026 09:51:01 UTC] PHP Warning:  Undefined variable $key in C:\Users\yagos\Local Sites\alquipressyago\app\public\deep-price-search.php on line 7
[13-Mar-2026 09:51:01 UTC] PHP Warning:  Undefined variable $key in C:\Users\yagos\Local Sites\alquipressyago\app\public\deep-price-search.php on line 7
[13-Mar-2026 09:51:01 UTC] PHP Warning:  Undefined variable $key in C:\Users\yagos\Local Sites\alquipressyago\app\public\deep-price-search.php on line 7
[13-Mar-2026 09:51:01 UTC] PHP Warning:  Undefined variable $key in C:\Users\yagos\Local Sites\alquipressyago\app\public\deep-price-search.php on line 7
[13-Mar-2026 09:51:01 UTC] PHP Warning:  Undefined variable $key in C:\Users\yagos\Local Sites\alquipressyago\app\public\deep-price-search.php on line 7
[13-Mar-2026 09:51:01 UTC] PHP Warning:  Undefined variable $key in C:\Users\yagos\Local Sites\alquipressyago\app\public\deep-price-search.php on line 7
[13-Mar-2026 09:51:01 UTC] PHP Warning:  Undefined variable $key in C:\Users\yagos\Local Sites\alquipressyago\app\public\deep-price-search.php on line 7
[13-Mar-2026 09:51:01 UTC] PHP Warning:  Undefined variable $key in C:\Users\yagos\Local Sites\alquipressyago\app\public\deep-price-search.php on line 7
[13-Mar-2026 09:51:01 UTC] PHP Warning:  Undefined variable $key in C:\Users\yagos\Local Sites\alquipressyago\app\public\deep-price-search.php on line 7
[13-Mar-2026 09:51:01 UTC] PHP Warning:  Undefined variable $key in C:\Users\yagos\Local Sites\alquipressyago\app\public\deep-price-search.php on line 7
[13-Mar-2026 09:51:01 UTC] PHP Warning:  Undefined variable $key in C:\Users\yagos\Local Sites\alquipressyago\app\public\deep-price-search.php on line 7
[13-Mar-2026 09:51:01 UTC] PHP Warning:  Undefined variable $key in C:\Users\yagos\Local Sites\alquipressyago\app\public\deep-price-search.php on line 7
[13-Mar-2026 09:51:01 UTC] PHP Warning:  Undefined variable $key in C:\Users\yagos\Local Sites\alquipressyago\app\public\deep-price-search.php on line 7
[13-Mar-2026 09:51:01 UTC] PHP Warning:  Undefined variable $key in C:\Users\yagos\Local Sites\alquipressyago\app\public\deep-price-search.php on line 7
[13-Mar-2026 09:51:01 UTC] PHP Warning:  Undefined variable $key in C:\Users\yagos\Local Sites\alquipressyago\app\public\deep-price-search.php on line 7
[13-Mar-2026 09:51:01 UTC] PHP Warning:  Undefined variable $key in C:\Users\yagos\Local Sites\alquipressyago\app\public\deep-price-search.php on line 7
[13-Mar-2026 09:51:01 UTC] PHP Warning:  Undefined variable $key in C:\Users\yagos\Local Sites\alquipressyago\app\public\deep-price-search.php on line 7
[13-Mar-2026 09:51:01 UTC] PHP Warning:  Undefined variable $key in C:\Users\yagos\Local Sites\alquipressyago\app\public\deep-price-search.php on line 7
[13-Mar-2026 09:51:01 UTC] PHP Warning:  Undefined variable $key in C:\Users\yagos\Local Sites\alquipressyago\app\public\deep-price-search.php on line 7
[13-Mar-2026 09:51:01 UTC] PHP Warning:  Undefined variable $key in C:\Users\yagos\Local Sites\alquipressyago\app\public\deep-price-search.php on line 7
[13-Mar-2026 09:51:01 UTC] PHP Warning:  Undefined variable $key in C:\Users\yagos\Local Sites\alquipressyago\app\public\deep-price-search.php on line 7
[13-Mar-2026 09:51:01 UTC] PHP Warning:  Undefined variable $key in C:\Users\yagos\Local Sites\alquipressyago\app\public\deep-price-search.php on line 7
[13-Mar-2026 09:51:01 UTC] PHP Warning:  Undefined variable $key in C:\Users\yagos\Local Sites\alquipressyago\app\public\deep-price-search.php on line 7
[13-Mar-2026 09:51:01 UTC] PHP Warning:  Undefined variable $key in C:\Users\yagos\Local Sites\alquipressyago\app\public\deep-price-search.php on line 7
[13-Mar-2026 09:51:01 UTC] PHP Warning:  Undefined variable $key in C:\Users\yagos\Local Sites\alquipressyago\app\public\deep-price-search.php on line 7
[13-Mar-2026 09:51:01 UTC] PHP Warning:  Undefined variable $key in C:\Users\yagos\Local Sites\alquipressyago\app\public\deep-price-search.php on line 7
[13-Mar-2026 09:51:01 UTC] PHP Warning:  Undefined variable $key in C:\Users\yagos\Local Sites\alquipressyago\app\public\deep-price-search.php on line 7
[13-Mar-2026 09:51:01 UTC] PHP Warning:  Undefined variable $key in C:\Users\yagos\Local Sites\alquipressyago\app\public\deep-price-search.php on line 7
[13-Mar-2026 09:51:01 UTC] PHP Warning:  Undefined variable $key in C:\Users\yagos\Local Sites\alquipressyago\app\public\deep-price-search.php on line 7
[13-Mar-2026 09:51:01 UTC] PHP Warning:  Undefined variable $key in C:\Users\yagos\Local Sites\alquipressyago\app\public\deep-price-search.php on line 7
[13-Mar-2026 09:51:01 UTC] PHP Warning:  Undefined variable $key in C:\Users\yagos\Local Sites\alquipressyago\app\public\deep-price-search.php on line 7
[13-Mar-2026 09:51:01 UTC] PHP Warning:  Undefined variable $key in C:\Users\yagos\Local Sites\alquipressyago\app\public\deep-price-search.php on line 7
[13-Mar-2026 09:51:01 UTC] PHP Warning:  Undefined variable $key in C:\Users\yagos\Local Sites\alquipressyago\app\public\deep-price-search.php on line 7
[13-Mar-2026 09:51:01 UTC] PHP Warning:  Undefined variable $key in C:\Users\yagos\Local Sites\alquipressyago\app\public\deep-price-search.php on line 7
[13-Mar-2026 09:51:01 UTC] PHP Warning:  Undefined variable $key in C:\Users\yagos\Local Sites\alquipressyago\app\public\deep-price-search.php on line 7
[13-Mar-2026 09:51:01 UTC] PHP Warning:  Undefined variable $key in C:\Users\yagos\Local Sites\alquipressyago\app\public\deep-price-search.php on line 7
[13-Mar-2026 09:51:01 UTC] PHP Warning:  Undefined variable $key in C:\Users\yagos\Local Sites\alquipressyago\app\public\deep-price-search.php on line 7
[13-Mar-2026 09:51:01 UTC] PHP Warning:  Undefined variable $key in C:\Users\yagos\Local Sites\alquipressyago\app\public\deep-price-search.php on line 7
[13-Mar-2026 09:51:01 UTC] PHP Warning:  Undefined variable $key in C:\Users\yagos\Local Sites\alquipressyago\app\public\deep-price-search.php on line 7
[13-Mar-2026 09:51:01 UTC] PHP Warning:  Undefined variable $key in C:\Users\yagos\Local Sites\alquipressyago\app\public\deep-price-search.php on line 7
[13-Mar-2026 09:51:01 UTC] PHP Warning:  Undefined variable $key in C:\Users\yagos\Local Sites\alquipressyago\app\public\deep-price-search.php on line 7
[13-Mar-2026 09:51:01 UTC] PHP Warning:  Undefined variable $key in C:\Users\yagos\Local Sites\alquipressyago\app\public\deep-price-search.php on line 7
[13-Mar-2026 09:51:01 UTC] PHP Warning:  Undefined variable $key in C:\Users\yagos\Local Sites\alquipressyago\app\public\deep-price-search.php on line 7
[13-Mar-2026 09:51:01 UTC] PHP Warning:  Undefined variable $key in C:\Users\yagos\Local Sites\alquipressyago\app\public\deep-price-search.php on line 7
[13-Mar-2026 09:51:01 UTC] PHP Warning:  Undefined variable $key in C:\Users\yagos\Local Sites\alquipressyago\app\public\deep-price-search.php on line 7
[13-Mar-2026 09:51:01 UTC] PHP Warning:  Undefined variable $key in C:\Users\yagos\Local Sites\alquipressyago\app\public\deep-price-search.php on line 7
[13-Mar-2026 09:51:01 UTC] PHP Warning:  Undefined variable $key in C:\Users\yagos\Local Sites\alquipressyago\app\public\deep-price-search.php on line 7
[13-Mar-2026 09:51:01 UTC] PHP Warning:  Undefined variable $key in C:\Users\yagos\Local Sites\alquipressyago\app\public\deep-price-search.php on line 7
[13-Mar-2026 09:51:01 UTC] PHP Warning:  Undefined variable $key in C:\Users\yagos\Local Sites\alquipressyago\app\public\deep-price-search.php on line 7
[13-Mar-2026 09:51:01 UTC] PHP Warning:  Undefined variable $key in C:\Users\yagos\Local Sites\alquipressyago\app\public\deep-price-search.php on line 7
[13-Mar-2026 09:51:01 UTC] PHP Warning:  Undefined variable $key in C:\Users\yagos\Local Sites\alquipressyago\app\public\deep-price-search.php on line 7
[13-Mar-2026 09:51:01 UTC] PHP Warning:  Undefined variable $key in C:\Users\yagos\Local Sites\alquipressyago\app\public\deep-price-search.php on line 7
[13-Mar-2026 09:51:01 UTC] PHP Warning:  Undefined variable $key in C:\Users\yagos\Local Sites\alquipressyago\app\public\deep-price-search.php on line 7
[13-Mar-2026 09:51:01 UTC] PHP Warning:  Undefined variable $key in C:\Users\yagos\Local Sites\alquipressyago\app\public\deep-price-search.php on line 7
[13-Mar-2026 09:51:01 UTC] PHP Warning:  Undefined variable $key in C:\Users\yagos\Local Sites\alquipressyago\app\public\deep-price-search.php on line 7
[13-Mar-2026 09:51:01 UTC] PHP Warning:  Undefined variable $key in C:\Users\yagos\Local Sites\alquipressyago\app\public\deep-price-search.php on line 7
[13-Mar-2026 09:51:01 UTC] PHP Warning:  Undefined variable $key in C:\Users\yagos\Local Sites\alquipressyago\app\public\deep-price-search.php on line 7
[13-Mar-2026 09:51:01 UTC] PHP Warning:  Undefined variable $key in C:\Users\yagos\Local Sites\alquipressyago\app\public\deep-price-search.php on line 7
[13-Mar-2026 09:51:01 UTC] PHP Warning:  Undefined variable $key in C:\Users\yagos\Local Sites\alquipressyago\app\public\deep-price-search.php on line 7
[13-Mar-2026 09:51:01 UTC] PHP Warning:  Undefined variable $key in C:\Users\yagos\Local Sites\alquipressyago\app\public\deep-price-search.php on line 7
[13-Mar-2026 09:51:01 UTC] PHP Warning:  Undefined variable $key in C:\Users\yagos\Local Sites\alquipressyago\app\public\deep-price-search.php on line 7
[13-Mar-2026 09:51:01 UTC] PHP Warning:  Undefined variable $key in C:\Users\yagos\Local Sites\alquipressyago\app\public\deep-price-search.php on line 7
[13-Mar-2026 09:51:01 UTC] PHP Warning:  Undefined variable $key in C:\Users\yagos\Local Sites\alquipressyago\app\public\deep-price-search.php on line 7
[13-Mar-2026 09:51:01 UTC] PHP Warning:  Undefined variable $key in C:\Users\yagos\Local Sites\alquipressyago\app\public\deep-price-search.php on line 7
[13-Mar-2026 09:51:01 UTC] PHP Warning:  Undefined variable $key in C:\Users\yagos\Local Sites\alquipressyago\app\public\deep-price-search.php on line 7
[13-Mar-2026 09:51:01 UTC] PHP Warning:  Undefined variable $key in C:\Users\yagos\Local Sites\alquipressyago\app\public\deep-price-search.php on line 7
[13-Mar-2026 09:51:01 UTC] PHP Warning:  Undefined variable $key in C:\Users\yagos\Local Sites\alquipressyago\app\public\deep-price-search.php on line 7
[13-Mar-2026 09:51:01 UTC] PHP Warning:  Undefined variable $key in C:\Users\yagos\Local Sites\alquipressyago\app\public\deep-price-search.php on line 7
[13-Mar-2026 09:51:01 UTC] PHP Warning:  Undefined variable $key in C:\Users\yagos\Local Sites\alquipressyago\app\public\deep-price-search.php on line 7
[13-Mar-2026 09:51:01 UTC] PHP Warning:  Undefined variable $key in C:\Users\yagos\Local Sites\alquipressyago\app\public\deep-price-search.php on line 7
[13-Mar-2026 09:51:01 UTC] PHP Warning:  Undefined variable $key in C:\Users\yagos\Local Sites\alquipressyago\app\public\deep-price-search.php on line 7
[13-Mar-2026 09:51:01 UTC] PHP Warning:  Undefined variable $key in C:\Users\yagos\Local Sites\alquipressyago\app\public\deep-price-search.php on line 7
[13-Mar-2026 09:51:01 UTC] PHP Warning:  Undefined variable $key in C:\Users\yagos\Local Sites\alquipressyago\app\public\deep-price-search.php on line 7
[13-Mar-2026 09:51:01 UTC] PHP Warning:  Undefined variable $key in C:\Users\yagos\Local Sites\alquipressyago\app\public\deep-price-search.php on line 7
[13-Mar-2026 09:51:01 UTC] PHP Warning:  Undefined variable $key in C:\Users\yagos\Local Sites\alquipressyago\app\public\deep-price-search.php on line 7
[13-Mar-2026 09:51:01 UTC] PHP Warning:  Undefined variable $key in C:\Users\yagos\Local Sites\alquipressyago\app\public\deep-price-search.php on line 7
[13-Mar-2026 09:51:01 UTC] PHP Warning:  Undefined variable $key in C:\Users\yagos\Local Sites\alquipressyago\app\public\deep-price-search.php on line 7
[13-Mar-2026 09:51:01 UTC] PHP Warning:  Undefined variable $key in C:\Users\yagos\Local Sites\alquipressyago\app\public\deep-price-search.php on line 7
[13-Mar-2026 09:51:01 UTC] PHP Warning:  Undefined variable $key in C:\Users\yagos\Local Sites\alquipressyago\app\public\deep-price-search.php on line 7
[13-Mar-2026 09:51:01 UTC] PHP Warning:  Undefined variable $key in C:\Users\yagos\Local Sites\alquipressyago\app\public\deep-price-search.php on line 7
[13-Mar-2026 09:51:01 UTC] PHP Warning:  Undefined variable $key in C:\Users\yagos\Local Sites\alquipressyago\app\public\deep-price-search.php on line 7
[13-Mar-2026 09:51:01 UTC] PHP Warning:  Undefined variable $key in C:\Users\yagos\Local Sites\alquipressyago\app\public\deep-price-search.php on line 7
[13-Mar-2026 09:51:01 UTC] PHP Warning:  Undefined variable $key in C:\Users\yagos\Local Sites\alquipressyago\app\public\deep-price-search.php on line 7
[13-Mar-2026 09:51:01 UTC] PHP Warning:  Undefined variable $key in C:\Users\yagos\Local Sites\alquipressyago\app\public\deep-price-search.php on line 7
[13-Mar-2026 09:51:01 UTC] PHP Warning:  Undefined variable $key in C:\Users\yagos\Local Sites\alquipressyago\app\public\deep-price-search.php on line 7
[13-Mar-2026 09:51:01 UTC] PHP Warning:  Undefined variable $key in C:\Users\yagos\Local Sites\alquipressyago\app\public\deep-price-search.php on line 7
[13-Mar-2026 09:51:01 UTC] PHP Warning:  Undefined variable $key in C:\Users\yagos\Local Sites\alquipressyago\app\public\deep-price-search.php on line 7
[13-Mar-2026 09:51:01 UTC] PHP Warning:  Undefined variable $key in C:\Users\yagos\Local Sites\alquipressyago\app\public\deep-price-search.php on line 7
[13-Mar-2026 09:51:01 UTC] PHP Warning:  Undefined variable $key in C:\Users\yagos\Local Sites\alquipressyago\app\public\deep-price-search.php on line 7
[13-Mar-2026 09:51:01 UTC] PHP Warning:  Undefined variable $key in C:\Users\yagos\Local Sites\alquipressyago\app\public\deep-price-search.php on line 7
[13-Mar-2026 09:51:01 UTC] PHP Warning:  Undefined variable $key in C:\Users\yagos\Local Sites\alquipressyago\app\public\deep-price-search.php on line 7
[13-Mar-2026 09:51:01 UTC] PHP Warning:  Undefined variable $key in C:\Users\yagos\Local Sites\alquipressyago\app\public\deep-price-search.php on line 7
[13-Mar-2026 09:51:01 UTC] PHP Warning:  Undefined variable $key in C:\Users\yagos\Local Sites\alquipressyago\app\public\deep-price-search.php on line 7
[13-Mar-2026 09:51:01 UTC] PHP Warning:  Undefined variable $key in C:\Users\yagos\Local Sites\alquipressyago\app\public\deep-price-search.php on line 7
[13-Mar-2026 09:51:01 UTC] PHP Warning:  Undefined variable $key in C:\Users\yagos\Local Sites\alquipressyago\app\public\deep-price-search.php on line 7
[13-Mar-2026 09:51:01 UTC] PHP Warning:  Undefined variable $key in C:\Users\yagos\Local Sites\alquipressyago\app\public\deep-price-search.php on line 7
[13-Mar-2026 09:51:01 UTC] PHP Warning:  Undefined variable $key in C:\Users\yagos\Local Sites\alquipressyago\app\public\deep-price-search.php on line 7
[13-Mar-2026 09:51:01 UTC] PHP Warning:  Undefined variable $key in C:\Users\yagos\Local Sites\alquipressyago\app\public\deep-price-search.php on line 7
[13-Mar-2026 09:51:01 UTC] PHP Warning:  Undefined variable $key in C:\Users\yagos\Local Sites\alquipressyago\app\public\deep-price-search.php on line 7
[13-Mar-2026 09:51:01 UTC] PHP Warning:  Undefined variable $key in C:\Users\yagos\Local Sites\alquipressyago\app\public\deep-price-search.php on line 7
[13-Mar-2026 09:51:01 UTC] PHP Warning:  Undefined variable $key in C:\Users\yagos\Local Sites\alquipressyago\app\public\deep-price-search.php on line 7
[13-Mar-2026 09:51:01 UTC] PHP Warning:  Undefined variable $key in C:\Users\yagos\Local Sites\alquipressyago\app\public\deep-price-search.php on line 7
[13-Mar-2026 09:51:01 UTC] PHP Warning:  Undefined variable $key in C:\Users\yagos\Local Sites\alquipressyago\app\public\deep-price-search.php on line 7
[13-Mar-2026 09:51:01 UTC] PHP Warning:  Undefined variable $key in C:\Users\yagos\Local Sites\alquipressyago\app\public\deep-price-search.php on line 7
[13-Mar-2026 09:51:01 UTC] PHP Warning:  Undefined variable $key in C:\Users\yagos\Local Sites\alquipressyago\app\public\deep-price-search.php on line 7
[13-Mar-2026 09:51:01 UTC] PHP Warning:  Undefined variable $key in C:\Users\yagos\Local Sites\alquipressyago\app\public\deep-price-search.php on line 7
[13-Mar-2026 09:51:01 UTC] PHP Warning:  Undefined variable $key in C:\Users\yagos\Local Sites\alquipressyago\app\public\deep-price-search.php on line 7
[13-Mar-2026 09:51:01 UTC] PHP Warning:  Undefined variable $key in C:\Users\yagos\Local Sites\alquipressyago\app\public\deep-price-search.php on line 7
[13-Mar-2026 09:51:01 UTC] PHP Warning:  Undefined variable $key in C:\Users\yagos\Local Sites\alquipressyago\app\public\deep-price-search.php on line 7
[13-Mar-2026 09:51:01 UTC] PHP Warning:  Undefined variable $key in C:\Users\yagos\Local Sites\alquipressyago\app\public\deep-price-search.php on line 7
[13-Mar-2026 09:51:01 UTC] PHP Warning:  Undefined variable $key in C:\Users\yagos\Local Sites\alquipressyago\app\public\deep-price-search.php on line 7
[13-Mar-2026 09:51:01 UTC] PHP Warning:  Undefined variable $key in C:\Users\yagos\Local Sites\alquipressyago\app\public\deep-price-search.php on line 7
[13-Mar-2026 09:51:01 UTC] PHP Warning:  Undefined variable $key in C:\Users\yagos\Local Sites\alquipressyago\app\public\deep-price-search.php on line 7
[13-Mar-2026 09:51:01 UTC] PHP Warning:  Undefined variable $key in C:\Users\yagos\Local Sites\alquipressyago\app\public\deep-price-search.php on line 7
[13-Mar-2026 09:51:01 UTC] PHP Warning:  Undefined variable $key in C:\Users\yagos\Local Sites\alquipressyago\app\public\deep-price-search.php on line 7
[13-Mar-2026 09:51:01 UTC] PHP Warning:  Undefined variable $key in C:\Users\yagos\Local Sites\alquipressyago\app\public\deep-price-search.php on line 7
[13-Mar-2026 09:51:01 UTC] PHP Warning:  Undefined variable $key in C:\Users\yagos\Local Sites\alquipressyago\app\public\deep-price-search.php on line 7
[13-Mar-2026 09:51:01 UTC] PHP Warning:  Undefined variable $key in C:\Users\yagos\Local Sites\alquipressyago\app\public\deep-price-search.php on line 7
[13-Mar-2026 09:51:01 UTC] PHP Warning:  Undefined variable $key in C:\Users\yagos\Local Sites\alquipressyago\app\public\deep-price-search.php on line 7
[13-Mar-2026 09:51:01 UTC] PHP Warning:  Undefined variable $key in C:\Users\yagos\Local Sites\alquipressyago\app\public\deep-price-search.php on line 7
[13-Mar-2026 09:51:01 UTC] PHP Warning:  Undefined variable $key in C:\Users\yagos\Local Sites\alquipressyago\app\public\deep-price-search.php on line 7
[13-Mar-2026 09:51:01 UTC] PHP Warning:  Undefined variable $key in C:\Users\yagos\Local Sites\alquipressyago\app\public\deep-price-search.php on line 7
[13-Mar-2026 09:51:01 UTC] PHP Warning:  Undefined variable $key in C:\Users\yagos\Local Sites\alquipressyago\app\public\deep-price-search.php on line 7
[13-Mar-2026 09:51:01 UTC] PHP Warning:  Undefined variable $key in C:\Users\yagos\Local Sites\alquipressyago\app\public\deep-price-search.php on line 7
[13-Mar-2026 09:51:01 UTC] PHP Warning:  Undefined variable $key in C:\Users\yagos\Local Sites\alquipressyago\app\public\deep-price-search.php on line 7
[13-Mar-2026 09:51:01 UTC] PHP Warning:  Undefined variable $key in C:\Users\yagos\Local Sites\alquipressyago\app\public\deep-price-search.php on line 7
[13-Mar-2026 09:51:01 UTC] PHP Warning:  Undefined variable $key in C:\Users\yagos\Local Sites\alquipressyago\app\public\deep-price-search.php on line 7
[13-Mar-2026 09:51:01 UTC] PHP Warning:  Undefined variable $key in C:\Users\yagos\Local Sites\alquipressyago\app\public\deep-price-search.php on line 7
[13-Mar-2026 09:51:01 UTC] PHP Warning:  Undefined variable $key in C:\Users\yagos\Local Sites\alquipressyago\app\public\deep-price-search.php on line 7
[13-Mar-2026 09:51:01 UTC] PHP Warning:  Undefined variable $key in C:\Users\yagos\Local Sites\alquipressyago\app\public\deep-price-search.php on line 7
[13-Mar-2026 09:51:01 UTC] PHP Warning:  Undefined variable $key in C:\Users\yagos\Local Sites\alquipressyago\app\public\deep-price-search.php on line 7
[13-Mar-2026 09:51:01 UTC] PHP Warning:  Undefined variable $key in C:\Users\yagos\Local Sites\alquipressyago\app\public\deep-price-search.php on line 7
[13-Mar-2026 09:51:01 UTC] PHP Warning:  Undefined variable $key in C:\Users\yagos\Local Sites\alquipressyago\app\public\deep-price-search.php on line 7
[13-Mar-2026 09:51:01 UTC] PHP Warning:  Undefined variable $key in C:\Users\yagos\Local Sites\alquipressyago\app\public\deep-price-search.php on line 7
[13-Mar-2026 09:51:01 UTC] PHP Warning:  Undefined variable $key in C:\Users\yagos\Local Sites\alquipressyago\app\public\deep-price-search.php on line 7
[13-Mar-2026 09:51:01 UTC] PHP Warning:  Undefined variable $key in C:\Users\yagos\Local Sites\alquipressyago\app\public\deep-price-search.php on line 7
[13-Mar-2026 09:51:01 UTC] PHP Warning:  Undefined variable $key in C:\Users\yagos\Local Sites\alquipressyago\app\public\deep-price-search.php on line 7
[13-Mar-2026 09:51:01 UTC] PHP Warning:  Undefined variable $key in C:\Users\yagos\Local Sites\alquipressyago\app\public\deep-price-search.php on line 7
[13-Mar-2026 09:51:01 UTC] PHP Warning:  Undefined variable $key in C:\Users\yagos\Local Sites\alquipressyago\app\public\deep-price-search.php on line 7
[13-Mar-2026 09:51:01 UTC] PHP Warning:  Undefined variable $key in C:\Users\yagos\Local Sites\alquipressyago\app\public\deep-price-search.php on line 7
[13-Mar-2026 09:51:01 UTC] PHP Warning:  Undefined variable $key in C:\Users\yagos\Local Sites\alquipressyago\app\public\deep-price-search.php on line 7
[13-Mar-2026 09:51:01 UTC] PHP Warning:  Undefined variable $key in C:\Users\yagos\Local Sites\alquipressyago\app\public\deep-price-search.php on line 7
[13-Mar-2026 09:51:01 UTC] PHP Warning:  Undefined variable $key in C:\Users\yagos\Local Sites\alquipressyago\app\public\deep-price-search.php on line 7
[13-Mar-2026 09:51:01 UTC] PHP Warning:  Undefined variable $key in C:\Users\yagos\Local Sites\alquipressyago\app\public\deep-price-search.php on line 7
[13-Mar-2026 09:51:01 UTC] PHP Warning:  Undefined variable $key in C:\Users\yagos\Local Sites\alquipressyago\app\public\deep-price-search.php on line 7
[13-Mar-2026 09:51:01 UTC] PHP Warning:  Undefined variable $key in C:\Users\yagos\Local Sites\alquipressyago\app\public\deep-price-search.php on line 7
[13-Mar-2026 09:51:01 UTC] PHP Warning:  Undefined variable $key in C:\Users\yagos\Local Sites\alquipressyago\app\public\deep-price-search.php on line 7
[13-Mar-2026 09:51:01 UTC] PHP Warning:  Undefined variable $key in C:\Users\yagos\Local Sites\alquipressyago\app\public\deep-price-search.php on line 7
[13-Mar-2026 09:51:01 UTC] PHP Warning:  Undefined variable $key in C:\Users\yagos\Local Sites\alquipressyago\app\public\deep-price-search.php on line 7
[13-Mar-2026 09:51:01 UTC] PHP Warning:  Undefined variable $key in C:\Users\yagos\Local Sites\alquipressyago\app\public\deep-price-search.php on line 7
[13-Mar-2026 09:51:01 UTC] PHP Warning:  Undefined variable $key in C:\Users\yagos\Local Sites\alquipressyago\app\public\deep-price-search.php on line 7
[13-Mar-2026 09:51:01 UTC] PHP Warning:  Undefined variable $key in C:\Users\yagos\Local Sites\alquipressyago\app\public\deep-price-search.php on line 7
[13-Mar-2026 09:51:01 UTC] PHP Warning:  Undefined variable $key in C:\Users\yagos\Local Sites\alquipressyago\app\public\deep-price-search.php on line 7
[13-Mar-2026 09:51:01 UTC] PHP Warning:  Undefined variable $key in C:\Users\yagos\Local Sites\alquipressyago\app\public\deep-price-search.php on line 7
[13-Mar-2026 09:51:01 UTC] PHP Warning:  Undefined variable $key in C:\Users\yagos\Local Sites\alquipressyago\app\public\deep-price-search.php on line 7
[13-Mar-2026 09:51:01 UTC] PHP Warning:  Undefined variable $key in C:\Users\yagos\Local Sites\alquipressyago\app\public\deep-price-search.php on line 7
[13-Mar-2026 09:51:01 UTC] PHP Warning:  Undefined variable $key in C:\Users\yagos\Local Sites\alquipressyago\app\public\deep-price-search.php on line 7
[13-Mar-2026 09:51:01 UTC] PHP Warning:  Undefined variable $key in C:\Users\yagos\Local Sites\alquipressyago\app\public\deep-price-search.php on line 7
[13-Mar-2026 09:51:01 UTC] PHP Warning:  Undefined variable $key in C:\Users\yagos\Local Sites\alquipressyago\app\public\deep-price-search.php on line 7
[13-Mar-2026 09:51:01 UTC] PHP Warning:  Undefined variable $key in C:\Users\yagos\Local Sites\alquipressyago\app\public\deep-price-search.php on line 7
[13-Mar-2026 09:51:01 UTC] PHP Warning:  Undefined variable $key in C:\Users\yagos\Local Sites\alquipressyago\app\public\deep-price-search.php on line 7
[13-Mar-2026 09:51:01 UTC] PHP Warning:  Undefined variable $key in C:\Users\yagos\Local Sites\alquipressyago\app\public\deep-price-search.php on line 7
[13-Mar-2026 09:51:01 UTC] PHP Warning:  Undefined variable $key in C:\Users\yagos\Local Sites\alquipressyago\app\public\deep-price-search.php on line 7
[13-Mar-2026 09:51:01 UTC] PHP Warning:  Undefined variable $key in C:\Users\yagos\Local Sites\alquipressyago\app\public\deep-price-search.php on line 7
[13-Mar-2026 09:51:01 UTC] PHP Warning:  Undefined variable $key in C:\Users\yagos\Local Sites\alquipressyago\app\public\deep-price-search.php on line 7
[13-Mar-2026 09:51:01 UTC] PHP Warning:  Undefined variable $key in C:\Users\yagos\Local Sites\alquipressyago\app\public\deep-price-search.php on line 7
[13-Mar-2026 09:51:01 UTC] PHP Warning:  Undefined variable $key in C:\Users\yagos\Local Sites\alquipressyago\app\public\deep-price-search.php on line 7
[13-Mar-2026 09:51:01 UTC] PHP Warning:  Undefined variable $key in C:\Users\yagos\Local Sites\alquipressyago\app\public\deep-price-search.php on line 7
[13-Mar-2026 09:51:01 UTC] PHP Warning:  Undefined variable $key in C:\Users\yagos\Local Sites\alquipressyago\app\public\deep-price-search.php on line 7
[13-Mar-2026 09:51:01 UTC] PHP Warning:  Undefined variable $key in C:\Users\yagos\Local Sites\alquipressyago\app\public\deep-price-search.php on line 7
[13-Mar-2026 09:51:01 UTC] PHP Warning:  Undefined variable $key in C:\Users\yagos\Local Sites\alquipressyago\app\public\deep-price-search.php on line 7
[13-Mar-2026 09:51:01 UTC] PHP Warning:  Undefined variable $key in C:\Users\yagos\Local Sites\alquipressyago\app\public\deep-price-search.php on line 7
[13-Mar-2026 09:51:01 UTC] PHP Warning:  Undefined variable $key in C:\Users\yagos\Local Sites\alquipressyago\app\public\deep-price-search.php on line 7
[13-Mar-2026 09:51:01 UTC] PHP Warning:  Undefined variable $key in C:\Users\yagos\Local Sites\alquipressyago\app\public\deep-price-search.php on line 7
[13-Mar-2026 09:51:01 UTC] PHP Warning:  Undefined variable $key in C:\Users\yagos\Local Sites\alquipressyago\app\public\deep-price-search.php on line 7
[13-Mar-2026 09:51:01 UTC] PHP Warning:  Undefined variable $key in C:\Users\yagos\Local Sites\alquipressyago\app\public\deep-price-search.php on line 7
[13-Mar-2026 09:51:01 UTC] PHP Warning:  Undefined variable $key in C:\Users\yagos\Local Sites\alquipressyago\app\public\deep-price-search.php on line 7
[13-Mar-2026 09:51:01 UTC] PHP Warning:  Undefined variable $key in C:\Users\yagos\Local Sites\alquipressyago\app\public\deep-price-search.php on line 7
[13-Mar-2026 09:51:01 UTC] PHP Warning:  Undefined variable $key in C:\Users\yagos\Local Sites\alquipressyago\app\public\deep-price-search.php on line 7
[13-Mar-2026 09:51:01 UTC] PHP Warning:  Undefined variable $key in C:\Users\yagos\Local Sites\alquipressyago\app\public\deep-price-search.php on line 7
[13-Mar-2026 09:51:01 UTC] PHP Warning:  Undefined variable $key in C:\Users\yagos\Local Sites\alquipressyago\app\public\deep-price-search.php on line 7
[13-Mar-2026 09:51:01 UTC] PHP Warning:  Undefined variable $key in C:\Users\yagos\Local Sites\alquipressyago\app\public\deep-price-search.php on line 7
[13-Mar-2026 09:51:01 UTC] PHP Warning:  Undefined variable $key in C:\Users\yagos\Local Sites\alquipressyago\app\public\deep-price-search.php on line 7
[13-Mar-2026 09:51:01 UTC] PHP Warning:  Undefined variable $key in C:\Users\yagos\Local Sites\alquipressyago\app\public\deep-price-search.php on line 7
[13-Mar-2026 09:51:01 UTC] PHP Warning:  Undefined variable $key in C:\Users\yagos\Local Sites\alquipressyago\app\public\deep-price-search.php on line 7
[13-Mar-2026 09:51:01 UTC] PHP Warning:  Undefined variable $key in C:\Users\yagos\Local Sites\alquipressyago\app\public\deep-price-search.php on line 7
[13-Mar-2026 09:51:01 UTC] PHP Warning:  Undefined variable $key in C:\Users\yagos\Local Sites\alquipressyago\app\public\deep-price-search.php on line 7
[13-Mar-2026 09:51:01 UTC] PHP Warning:  Undefined variable $key in C:\Users\yagos\Local Sites\alquipressyago\app\public\deep-price-search.php on line 7
[13-Mar-2026 09:51:01 UTC] PHP Warning:  Undefined variable $key in C:\Users\yagos\Local Sites\alquipressyago\app\public\deep-price-search.php on line 7
[13-Mar-2026 09:51:01 UTC] PHP Warning:  Undefined variable $key in C:\Users\yagos\Local Sites\alquipressyago\app\public\deep-price-search.php on line 7
[13-Mar-2026 09:51:01 UTC] PHP Warning:  Undefined variable $key in C:\Users\yagos\Local Sites\alquipressyago\app\public\deep-price-search.php on line 7
[13-Mar-2026 09:51:01 UTC] PHP Warning:  Undefined variable $key in C:\Users\yagos\Local Sites\alquipressyago\app\public\deep-price-search.php on line 7
[13-Mar-2026 09:51:01 UTC] PHP Warning:  Undefined variable $key in C:\Users\yagos\Local Sites\alquipressyago\app\public\deep-price-search.php on line 7
[13-Mar-2026 09:51:01 UTC] PHP Warning:  Undefined variable $key in C:\Users\yagos\Local Sites\alquipressyago\app\public\deep-price-search.php on line 7
[13-Mar-2026 09:51:01 UTC] PHP Warning:  Undefined variable $key in C:\Users\yagos\Local Sites\alquipressyago\app\public\deep-price-search.php on line 7
[13-Mar-2026 09:51:01 UTC] PHP Warning:  Undefined variable $key in C:\Users\yagos\Local Sites\alquipressyago\app\public\deep-price-search.php on line 7
[13-Mar-2026 09:51:01 UTC] PHP Warning:  Undefined variable $key in C:\Users\yagos\Local Sites\alquipressyago\app\public\deep-price-search.php on line 7
[13-Mar-2026 09:51:01 UTC] PHP Warning:  Undefined variable $key in C:\Users\yagos\Local Sites\alquipressyago\app\public\deep-price-search.php on line 7
[13-Mar-2026 09:51:01 UTC] PHP Warning:  Undefined variable $key in C:\Users\yagos\Local Sites\alquipressyago\app\public\deep-price-search.php on line 7
[13-Mar-2026 09:51:01 UTC] PHP Warning:  Undefined variable $key in C:\Users\yagos\Local Sites\alquipressyago\app\public\deep-price-search.php on line 7
[13-Mar-2026 09:51:01 UTC] PHP Warning:  Undefined variable $key in C:\Users\yagos\Local Sites\alquipressyago\app\public\deep-price-search.php on line 7
[13-Mar-2026 09:51:01 UTC] PHP Warning:  Undefined variable $key in C:\Users\yagos\Local Sites\alquipressyago\app\public\deep-price-search.php on line 7
[13-Mar-2026 09:51:01 UTC] PHP Warning:  Undefined variable $key in C:\Users\yagos\Local Sites\alquipressyago\app\public\deep-price-search.php on line 7
[13-Mar-2026 09:51:01 UTC] PHP Warning:  Undefined variable $key in C:\Users\yagos\Local Sites\alquipressyago\app\public\deep-price-search.php on line 7
[13-Mar-2026 09:51:01 UTC] PHP Warning:  Undefined variable $key in C:\Users\yagos\Local Sites\alquipressyago\app\public\deep-price-search.php on line 7
[13-Mar-2026 09:51:01 UTC] PHP Warning:  Undefined variable $key in C:\Users\yagos\Local Sites\alquipressyago\app\public\deep-price-search.php on line 7
[13-Mar-2026 09:51:01 UTC] PHP Warning:  Undefined variable $key in C:\Users\yagos\Local Sites\alquipressyago\app\public\deep-price-search.php on line 7
[13-Mar-2026 09:51:01 UTC] PHP Warning:  Undefined variable $key in C:\Users\yagos\Local Sites\alquipressyago\app\public\deep-price-search.php on line 7
[13-Mar-2026 09:51:01 UTC] PHP Warning:  Undefined variable $key in C:\Users\yagos\Local Sites\alquipressyago\app\public\deep-price-search.php on line 7
[13-Mar-2026 09:51:01 UTC] PHP Warning:  Undefined variable $key in C:\Users\yagos\Local Sites\alquipressyago\app\public\deep-price-search.php on line 7
[13-Mar-2026 09:51:01 UTC] PHP Warning:  Undefined variable $key in C:\Users\yagos\Local Sites\alquipressyago\app\public\deep-price-search.php on line 7
[13-Mar-2026 09:51:01 UTC] PHP Warning:  Undefined variable $key in C:\Users\yagos\Local Sites\alquipressyago\app\public\deep-price-search.php on line 7
[13-Mar-2026 09:51:01 UTC] PHP Warning:  Undefined variable $key in C:\Users\yagos\Local Sites\alquipressyago\app\public\deep-price-search.php on line 7
[13-Mar-2026 09:51:01 UTC] PHP Warning:  Undefined variable $key in C:\Users\yagos\Local Sites\alquipressyago\app\public\deep-price-search.php on line 7
[13-Mar-2026 09:51:01 UTC] PHP Warning:  Undefined variable $key in C:\Users\yagos\Local Sites\alquipressyago\app\public\deep-price-search.php on line 7
[13-Mar-2026 09:51:01 UTC] PHP Warning:  Undefined variable $key in C:\Users\yagos\Local Sites\alquipressyago\app\public\deep-price-search.php on line 7
[13-Mar-2026 09:51:01 UTC] PHP Warning:  Undefined variable $key in C:\Users\yagos\Local Sites\alquipressyago\app\public\deep-price-search.php on line 7
[13-Mar-2026 09:51:01 UTC] PHP Warning:  Undefined variable $key in C:\Users\yagos\Local Sites\alquipressyago\app\public\deep-price-search.php on line 7
[13-Mar-2026 09:51:01 UTC] PHP Warning:  Undefined variable $key in C:\Users\yagos\Local Sites\alquipressyago\app\public\deep-price-search.php on line 7
[13-Mar-2026 09:51:01 UTC] PHP Warning:  Undefined variable $key in C:\Users\yagos\Local Sites\alquipressyago\app\public\deep-price-search.php on line 7
[13-Mar-2026 09:51:01 UTC] PHP Warning:  Undefined variable $key in C:\Users\yagos\Local Sites\alquipressyago\app\public\deep-price-search.php on line 7
[13-Mar-2026 09:51:01 UTC] PHP Warning:  Undefined variable $key in C:\Users\yagos\Local Sites\alquipressyago\app\public\deep-price-search.php on line 7
[13-Mar-2026 09:51:01 UTC] PHP Warning:  Undefined variable $key in C:\Users\yagos\Local Sites\alquipressyago\app\public\deep-price-search.php on line 7
[13-Mar-2026 09:51:01 UTC] PHP Warning:  Undefined variable $key in C:\Users\yagos\Local Sites\alquipressyago\app\public\deep-price-search.php on line 7
[13-Mar-2026 09:51:01 UTC] PHP Warning:  Undefined variable $key in C:\Users\yagos\Local Sites\alquipressyago\app\public\deep-price-search.php on line 7
[13-Mar-2026 09:51:01 UTC] PHP Warning:  Undefined variable $key in C:\Users\yagos\Local Sites\alquipressyago\app\public\deep-price-search.php on line 7
[13-Mar-2026 09:51:01 UTC] PHP Warning:  Undefined variable $key in C:\Users\yagos\Local Sites\alquipressyago\app\public\deep-price-search.php on line 7
[13-Mar-2026 09:51:01 UTC] PHP Warning:  Undefined variable $key in C:\Users\yagos\Local Sites\alquipressyago\app\public\deep-price-search.php on line 7
[13-Mar-2026 09:51:01 UTC] PHP Warning:  Undefined variable $key in C:\Users\yagos\Local Sites\alquipressyago\app\public\deep-price-search.php on line 7
[13-Mar-2026 09:51:01 UTC] PHP Warning:  Undefined variable $key in C:\Users\yagos\Local Sites\alquipressyago\app\public\deep-price-search.php on line 7
[13-Mar-2026 09:51:01 UTC] PHP Warning:  Undefined variable $key in C:\Users\yagos\Local Sites\alquipressyago\app\public\deep-price-search.php on line 7
[13-Mar-2026 09:51:01 UTC] PHP Warning:  Undefined variable $key in C:\Users\yagos\Local Sites\alquipressyago\app\public\deep-price-search.php on line 7
[13-Mar-2026 09:51:01 UTC] PHP Warning:  Undefined variable $key in C:\Users\yagos\Local Sites\alquipressyago\app\public\deep-price-search.php on line 7
[13-Mar-2026 09:51:01 UTC] PHP Warning:  Undefined variable $key in C:\Users\yagos\Local Sites\alquipressyago\app\public\deep-price-search.php on line 7
[13-Mar-2026 09:51:01 UTC] PHP Warning:  Undefined variable $key in C:\Users\yagos\Local Sites\alquipressyago\app\public\deep-price-search.php on line 7
[13-Mar-2026 09:51:01 UTC] PHP Warning:  Undefined variable $key in C:\Users\yagos\Local Sites\alquipressyago\app\public\deep-price-search.php on line 7
[13-Mar-2026 09:51:01 UTC] PHP Warning:  Undefined variable $key in C:\Users\yagos\Local Sites\alquipressyago\app\public\deep-price-search.php on line 7
[13-Mar-2026 09:51:01 UTC] PHP Warning:  Undefined variable $key in C:\Users\yagos\Local Sites\alquipressyago\app\public\deep-price-search.php on line 7
[13-Mar-2026 09:51:01 UTC] PHP Warning:  Undefined variable $key in C:\Users\yagos\Local Sites\alquipressyago\app\public\deep-price-search.php on line 7
[13-Mar-2026 09:51:01 UTC] PHP Warning:  Undefined variable $key in C:\Users\yagos\Local Sites\alquipressyago\app\public\deep-price-search.php on line 7
[13-Mar-2026 09:51:01 UTC] PHP Warning:  Undefined variable $key in C:\Users\yagos\Local Sites\alquipressyago\app\public\deep-price-search.php on line 7
[13-Mar-2026 09:51:01 UTC] PHP Warning:  Undefined variable $key in C:\Users\yagos\Local Sites\alquipressyago\app\public\deep-price-search.php on line 7
[13-Mar-2026 09:51:01 UTC] PHP Warning:  Undefined variable $key in C:\Users\yagos\Local Sites\alquipressyago\app\public\deep-price-search.php on line 7
[13-Mar-2026 09:51:01 UTC] PHP Warning:  Undefined variable $key in C:\Users\yagos\Local Sites\alquipressyago\app\public\deep-price-search.php on line 7
[13-Mar-2026 09:51:01 UTC] PHP Warning:  Undefined variable $key in C:\Users\yagos\Local Sites\alquipressyago\app\public\deep-price-search.php on line 7
[13-Mar-2026 09:51:01 UTC] PHP Warning:  Undefined variable $key in C:\Users\yagos\Local Sites\alquipressyago\app\public\deep-price-search.php on line 7
[13-Mar-2026 09:51:01 UTC] PHP Warning:  Undefined variable $key in C:\Users\yagos\Local Sites\alquipressyago\app\public\deep-price-search.php on line 7
[13-Mar-2026 09:51:01 UTC] PHP Warning:  Undefined variable $key in C:\Users\yagos\Local Sites\alquipressyago\app\public\deep-price-search.php on line 7
[13-Mar-2026 09:51:01 UTC] PHP Warning:  Undefined variable $key in C:\Users\yagos\Local Sites\alquipressyago\app\public\deep-price-search.php on line 7
[13-Mar-2026 09:51:01 UTC] PHP Warning:  Undefined variable $key in C:\Users\yagos\Local Sites\alquipressyago\app\public\deep-price-search.php on line 7
[13-Mar-2026 09:51:01 UTC] PHP Warning:  Undefined variable $key in C:\Users\yagos\Local Sites\alquipressyago\app\public\deep-price-search.php on line 7
[13-Mar-2026 09:51:01 UTC] PHP Warning:  Undefined variable $key in C:\Users\yagos\Local Sites\alquipressyago\app\public\deep-price-search.php on line 7
[13-Mar-2026 09:51:01 UTC] PHP Warning:  Undefined variable $key in C:\Users\yagos\Local Sites\alquipressyago\app\public\deep-price-search.php on line 7
[13-Mar-2026 09:51:01 UTC] PHP Warning:  Undefined variable $key in C:\Users\yagos\Local Sites\alquipressyago\app\public\deep-price-search.php on line 7
[13-Mar-2026 09:51:01 UTC] PHP Warning:  Undefined variable $key in C:\Users\yagos\Local Sites\alquipressyago\app\public\deep-price-search.php on line 7
[13-Mar-2026 09:51:01 UTC] PHP Warning:  Undefined variable $key in C:\Users\yagos\Local Sites\alquipressyago\app\public\deep-price-search.php on line 7
[13-Mar-2026 09:51:01 UTC] PHP Warning:  Undefined variable $key in C:\Users\yagos\Local Sites\alquipressyago\app\public\deep-price-search.php on line 7
[13-Mar-2026 09:51:01 UTC] PHP Warning:  Undefined variable $key in C:\Users\yagos\Local Sites\alquipressyago\app\public\deep-price-search.php on line 7
[13-Mar-2026 09:51:01 UTC] PHP Warning:  Undefined variable $key in C:\Users\yagos\Local Sites\alquipressyago\app\public\deep-price-search.php on line 7
[13-Mar-2026 09:51:01 UTC] PHP Warning:  Undefined variable $key in C:\Users\yagos\Local Sites\alquipressyago\app\public\deep-price-search.php on line 7
[13-Mar-2026 09:51:01 UTC] PHP Warning:  Undefined variable $key in C:\Users\yagos\Local Sites\alquipressyago\app\public\deep-price-search.php on line 7
[13-Mar-2026 09:51:01 UTC] PHP Warning:  Undefined variable $key in C:\Users\yagos\Local Sites\alquipressyago\app\public\deep-price-search.php on line 7
[13-Mar-2026 09:51:01 UTC] PHP Warning:  Undefined variable $key in C:\Users\yagos\Local Sites\alquipressyago\app\public\deep-price-search.php on line 7
[13-Mar-2026 09:51:01 UTC] PHP Warning:  Undefined variable $key in C:\Users\yagos\Local Sites\alquipressyago\app\public\deep-price-search.php on line 7
[13-Mar-2026 09:51:01 UTC] PHP Warning:  Undefined variable $key in C:\Users\yagos\Local Sites\alquipressyago\app\public\deep-price-search.php on line 7
[13-Mar-2026 09:51:01 UTC] PHP Warning:  Undefined variable $key in C:\Users\yagos\Local Sites\alquipressyago\app\public\deep-price-search.php on line 7
[13-Mar-2026 09:51:01 UTC] PHP Warning:  Undefined variable $key in C:\Users\yagos\Local Sites\alquipressyago\app\public\deep-price-search.php on line 7
[13-Mar-2026 09:51:01 UTC] PHP Warning:  Undefined variable $key in C:\Users\yagos\Local Sites\alquipressyago\app\public\deep-price-search.php on line 7
[13-Mar-2026 09:51:01 UTC] PHP Warning:  Undefined variable $key in C:\Users\yagos\Local Sites\alquipressyago\app\public\deep-price-search.php on line 7
[13-Mar-2026 09:51:01 UTC] PHP Warning:  Undefined variable $key in C:\Users\yagos\Local Sites\alquipressyago\app\public\deep-price-search.php on line 7
[13-Mar-2026 09:51:01 UTC] PHP Warning:  Undefined variable $key in C:\Users\yagos\Local Sites\alquipressyago\app\public\deep-price-search.php on line 7
[13-Mar-2026 09:51:01 UTC] PHP Warning:  Undefined variable $key in C:\Users\yagos\Local Sites\alquipressyago\app\public\deep-price-search.php on line 7
[13-Mar-2026 09:51:01 UTC] PHP Warning:  Undefined variable $key in C:\Users\yagos\Local Sites\alquipressyago\app\public\deep-price-search.php on line 7
[13-Mar-2026 09:51:01 UTC] PHP Warning:  Undefined variable $key in C:\Users\yagos\Local Sites\alquipressyago\app\public\deep-price-search.php on line 7
[13-Mar-2026 09:51:01 UTC] PHP Warning:  Undefined variable $key in C:\Users\yagos\Local Sites\alquipressyago\app\public\deep-price-search.php on line 7
[13-Mar-2026 09:51:01 UTC] PHP Warning:  Undefined variable $key in C:\Users\yagos\Local Sites\alquipressyago\app\public\deep-price-search.php on line 7
[13-Mar-2026 09:51:01 UTC] PHP Warning:  Undefined variable $key in C:\Users\yagos\Local Sites\alquipressyago\app\public\deep-price-search.php on line 7
[13-Mar-2026 09:51:01 UTC] PHP Warning:  Undefined variable $key in C:\Users\yagos\Local Sites\alquipressyago\app\public\deep-price-search.php on line 7
[13-Mar-2026 09:51:01 UTC] PHP Warning:  Undefined variable $key in C:\Users\yagos\Local Sites\alquipressyago\app\public\deep-price-search.php on line 7
[13-Mar-2026 09:51:01 UTC] PHP Warning:  Undefined variable $key in C:\Users\yagos\Local Sites\alquipressyago\app\public\deep-price-search.php on line 7
[13-Mar-2026 09:51:01 UTC] PHP Warning:  Undefined variable $key in C:\Users\yagos\Local Sites\alquipressyago\app\public\deep-price-search.php on line 7
[13-Mar-2026 09:51:01 UTC] PHP Warning:  Undefined variable $key in C:\Users\yagos\Local Sites\alquipressyago\app\public\deep-price-search.php on line 7
[13-Mar-2026 09:51:01 UTC] PHP Warning:  Undefined variable $key in C:\Users\yagos\Local Sites\alquipressyago\app\public\deep-price-search.php on line 7
[13-Mar-2026 09:51:01 UTC] PHP Warning:  Undefined variable $key in C:\Users\yagos\Local Sites\alquipressyago\app\public\deep-price-search.php on line 7
[13-Mar-2026 09:51:01 UTC] PHP Warning:  Undefined variable $key in C:\Users\yagos\Local Sites\alquipressyago\app\public\deep-price-search.php on line 7
[13-Mar-2026 09:51:01 UTC] PHP Warning:  Undefined variable $key in C:\Users\yagos\Local Sites\alquipressyago\app\public\deep-price-search.php on line 7
[13-Mar-2026 09:51:01 UTC] PHP Warning:  Undefined variable $key in C:\Users\yagos\Local Sites\alquipressyago\app\public\deep-price-search.php on line 7
[13-Mar-2026 09:51:01 UTC] PHP Warning:  Undefined variable $key in C:\Users\yagos\Local Sites\alquipressyago\app\public\deep-price-search.php on line 7
[13-Mar-2026 09:51:01 UTC] PHP Warning:  Undefined variable $key in C:\Users\yagos\Local Sites\alquipressyago\app\public\deep-price-search.php on line 7
[13-Mar-2026 09:51:01 UTC] PHP Warning:  Undefined variable $key in C:\Users\yagos\Local Sites\alquipressyago\app\public\deep-price-search.php on line 7
[13-Mar-2026 09:51:01 UTC] PHP Warning:  Undefined variable $key in C:\Users\yagos\Local Sites\alquipressyago\app\public\deep-price-search.php on line 7
[13-Mar-2026 09:51:01 UTC] PHP Warning:  Undefined variable $key in C:\Users\yagos\Local Sites\alquipressyago\app\public\deep-price-search.php on line 7
[13-Mar-2026 09:51:01 UTC] PHP Warning:  Undefined variable $key in C:\Users\yagos\Local Sites\alquipressyago\app\public\deep-price-search.php on line 7
[13-Mar-2026 09:51:01 UTC] PHP Warning:  Undefined variable $key in C:\Users\yagos\Local Sites\alquipressyago\app\public\deep-price-search.php on line 7
[13-Mar-2026 09:51:01 UTC] PHP Warning:  Undefined variable $key in C:\Users\yagos\Local Sites\alquipressyago\app\public\deep-price-search.php on line 7
[13-Mar-2026 09:51:01 UTC] PHP Warning:  Undefined variable $key in C:\Users\yagos\Local Sites\alquipressyago\app\public\deep-price-search.php on line 7
[13-Mar-2026 09:51:01 UTC] PHP Warning:  Undefined variable $key in C:\Users\yagos\Local Sites\alquipressyago\app\public\deep-price-search.php on line 7
[13-Mar-2026 09:51:01 UTC] PHP Warning:  Undefined variable $key in C:\Users\yagos\Local Sites\alquipressyago\app\public\deep-price-search.php on line 7
[13-Mar-2026 09:51:01 UTC] PHP Warning:  Undefined variable $key in C:\Users\yagos\Local Sites\alquipressyago\app\public\deep-price-search.php on line 7
[13-Mar-2026 09:51:01 UTC] PHP Warning:  Undefined variable $key in C:\Users\yagos\Local Sites\alquipressyago\app\public\deep-price-search.php on line 7
[13-Mar-2026 09:51:01 UTC] PHP Warning:  Undefined variable $key in C:\Users\yagos\Local Sites\alquipressyago\app\public\deep-price-search.php on line 7
[13-Mar-2026 09:51:01 UTC] PHP Warning:  Undefined variable $key in C:\Users\yagos\Local Sites\alquipressyago\app\public\deep-price-search.php on line 7
[13-Mar-2026 09:51:01 UTC] PHP Warning:  Undefined variable $key in C:\Users\yagos\Local Sites\alquipressyago\app\public\deep-price-search.php on line 7
[13-Mar-2026 09:51:01 UTC] PHP Warning:  Undefined variable $key in C:\Users\yagos\Local Sites\alquipressyago\app\public\deep-price-search.php on line 7
[13-Mar-2026 09:51:01 UTC] PHP Warning:  Undefined variable $key in C:\Users\yagos\Local Sites\alquipressyago\app\public\deep-price-search.php on line 7
[13-Mar-2026 09:51:01 UTC] PHP Warning:  Undefined variable $key in C:\Users\yagos\Local Sites\alquipressyago\app\public\deep-price-search.php on line 7
[13-Mar-2026 09:51:01 UTC] PHP Warning:  Undefined variable $key in C:\Users\yagos\Local Sites\alquipressyago\app\public\deep-price-search.php on line 7
[13-Mar-2026 09:51:01 UTC] PHP Warning:  Undefined variable $key in C:\Users\yagos\Local Sites\alquipressyago\app\public\deep-price-search.php on line 7
[13-Mar-2026 09:51:01 UTC] PHP Warning:  Undefined variable $key in C:\Users\yagos\Local Sites\alquipressyago\app\public\deep-price-search.php on line 7
[13-Mar-2026 09:51:01 UTC] PHP Warning:  Undefined variable $key in C:\Users\yagos\Local Sites\alquipressyago\app\public\deep-price-search.php on line 7
[13-Mar-2026 09:51:01 UTC] PHP Warning:  Undefined variable $key in C:\Users\yagos\Local Sites\alquipressyago\app\public\deep-price-search.php on line 7
[13-Mar-2026 09:51:01 UTC] PHP Warning:  Undefined variable $key in C:\Users\yagos\Local Sites\alquipressyago\app\public\deep-price-search.php on line 7
[13-Mar-2026 09:51:01 UTC] PHP Warning:  Undefined variable $key in C:\Users\yagos\Local Sites\alquipressyago\app\public\deep-price-search.php on line 7
[13-Mar-2026 09:51:01 UTC] PHP Warning:  Undefined variable $key in C:\Users\yagos\Local Sites\alquipressyago\app\public\deep-price-search.php on line 7
[13-Mar-2026 09:51:01 UTC] PHP Warning:  Undefined variable $key in C:\Users\yagos\Local Sites\alquipressyago\app\public\deep-price-search.php on line 7
[13-Mar-2026 09:51:01 UTC] PHP Warning:  Undefined variable $key in C:\Users\yagos\Local Sites\alquipressyago\app\public\deep-price-search.php on line 7
[13-Mar-2026 09:51:01 UTC] PHP Warning:  Undefined variable $key in C:\Users\yagos\Local Sites\alquipressyago\app\public\deep-price-search.php on line 7
[13-Mar-2026 09:51:01 UTC] PHP Warning:  Undefined variable $key in C:\Users\yagos\Local Sites\alquipressyago\app\public\deep-price-search.php on line 7
[13-Mar-2026 09:51:01 UTC] PHP Warning:  Undefined variable $key in C:\Users\yagos\Local Sites\alquipressyago\app\public\deep-price-search.php on line 7
[13-Mar-2026 09:51:01 UTC] PHP Warning:  Undefined variable $key in C:\Users\yagos\Local Sites\alquipressyago\app\public\deep-price-search.php on line 7
[13-Mar-2026 09:51:01 UTC] PHP Warning:  Undefined variable $key in C:\Users\yagos\Local Sites\alquipressyago\app\public\deep-price-search.php on line 7
[13-Mar-2026 09:51:01 UTC] PHP Warning:  Undefined variable $key in C:\Users\yagos\Local Sites\alquipressyago\app\public\deep-price-search.php on line 7
[13-Mar-2026 09:51:01 UTC] PHP Warning:  Undefined variable $key in C:\Users\yagos\Local Sites\alquipressyago\app\public\deep-price-search.php on line 7
[13-Mar-2026 09:51:01 UTC] PHP Warning:  Undefined variable $key in C:\Users\yagos\Local Sites\alquipressyago\app\public\deep-price-search.php on line 7
[13-Mar-2026 09:51:01 UTC] PHP Warning:  Undefined variable $key in C:\Users\yagos\Local Sites\alquipressyago\app\public\deep-price-search.php on line 7
[13-Mar-2026 09:51:01 UTC] PHP Warning:  Undefined variable $key in C:\Users\yagos\Local Sites\alquipressyago\app\public\deep-price-search.php on line 7
[13-Mar-2026 09:51:01 UTC] PHP Warning:  Undefined variable $key in C:\Users\yagos\Local Sites\alquipressyago\app\public\deep-price-search.php on line 7
[13-Mar-2026 09:51:01 UTC] PHP Warning:  Undefined variable $key in C:\Users\yagos\Local Sites\alquipressyago\app\public\deep-price-search.php on line 7
[13-Mar-2026 09:51:01 UTC] PHP Warning:  Undefined variable $key in C:\Users\yagos\Local Sites\alquipressyago\app\public\deep-price-search.php on line 7
[13-Mar-2026 09:51:01 UTC] PHP Warning:  Undefined variable $key in C:\Users\yagos\Local Sites\alquipressyago\app\public\deep-price-search.php on line 7
[13-Mar-2026 09:51:01 UTC] PHP Warning:  Undefined variable $key in C:\Users\yagos\Local Sites\alquipressyago\app\public\deep-price-search.php on line 7
[13-Mar-2026 09:51:01 UTC] PHP Warning:  Undefined variable $key in C:\Users\yagos\Local Sites\alquipressyago\app\public\deep-price-search.php on line 7
[13-Mar-2026 09:51:01 UTC] PHP Warning:  Undefined variable $key in C:\Users\yagos\Local Sites\alquipressyago\app\public\deep-price-search.php on line 7
[13-Mar-2026 09:51:01 UTC] PHP Warning:  Undefined variable $key in C:\Users\yagos\Local Sites\alquipressyago\app\public\deep-price-search.php on line 7
[13-Mar-2026 09:51:01 UTC] PHP Warning:  Undefined variable $key in C:\Users\yagos\Local Sites\alquipressyago\app\public\deep-price-search.php on line 7
[13-Mar-2026 09:51:01 UTC] PHP Warning:  Undefined variable $key in C:\Users\yagos\Local Sites\alquipressyago\app\public\deep-price-search.php on line 7
[13-Mar-2026 09:51:01 UTC] PHP Warning:  Undefined variable $key in C:\Users\yagos\Local Sites\alquipressyago\app\public\deep-price-search.php on line 7
[13-Mar-2026 09:51:01 UTC] PHP Warning:  Undefined variable $key in C:\Users\yagos\Local Sites\alquipressyago\app\public\deep-price-search.php on line 7
[13-Mar-2026 09:51:01 UTC] PHP Warning:  Undefined variable $key in C:\Users\yagos\Local Sites\alquipressyago\app\public\deep-price-search.php on line 7
[13-Mar-2026 09:51:01 UTC] PHP Warning:  Undefined variable $key in C:\Users\yagos\Local Sites\alquipressyago\app\public\deep-price-search.php on line 7
[13-Mar-2026 09:51:01 UTC] PHP Warning:  Undefined variable $key in C:\Users\yagos\Local Sites\alquipressyago\app\public\deep-price-search.php on line 7
[13-Mar-2026 09:51:01 UTC] PHP Warning:  Undefined variable $key in C:\Users\yagos\Local Sites\alquipressyago\app\public\deep-price-search.php on line 7
[13-Mar-2026 09:51:01 UTC] PHP Warning:  Undefined variable $key in C:\Users\yagos\Local Sites\alquipressyago\app\public\deep-price-search.php on line 7
[13-Mar-2026 09:51:01 UTC] PHP Warning:  Undefined variable $key in C:\Users\yagos\Local Sites\alquipressyago\app\public\deep-price-search.php on line 7
[13-Mar-2026 09:51:01 UTC] PHP Warning:  Undefined variable $key in C:\Users\yagos\Local Sites\alquipressyago\app\public\deep-price-search.php on line 7
[13-Mar-2026 09:51:01 UTC] PHP Warning:  Undefined variable $key in C:\Users\yagos\Local Sites\alquipressyago\app\public\deep-price-search.php on line 7
[13-Mar-2026 09:51:01 UTC] PHP Warning:  Undefined variable $key in C:\Users\yagos\Local Sites\alquipressyago\app\public\deep-price-search.php on line 7
[13-Mar-2026 09:51:01 UTC] PHP Warning:  Undefined variable $key in C:\Users\yagos\Local Sites\alquipressyago\app\public\deep-price-search.php on line 7
[13-Mar-2026 09:51:01 UTC] PHP Warning:  Undefined variable $key in C:\Users\yagos\Local Sites\alquipressyago\app\public\deep-price-search.php on line 7
[13-Mar-2026 09:51:01 UTC] PHP Warning:  Undefined variable $key in C:\Users\yagos\Local Sites\alquipressyago\app\public\deep-price-search.php on line 7
[13-Mar-2026 09:51:01 UTC] PHP Warning:  Undefined variable $key in C:\Users\yagos\Local Sites\alquipressyago\app\public\deep-price-search.php on line 7
[13-Mar-2026 09:51:01 UTC] PHP Warning:  Undefined variable $key in C:\Users\yagos\Local Sites\alquipressyago\app\public\deep-price-search.php on line 7
[13-Mar-2026 09:51:01 UTC] PHP Warning:  Undefined variable $key in C:\Users\yagos\Local Sites\alquipressyago\app\public\deep-price-search.php on line 7
[13-Mar-2026 09:51:01 UTC] PHP Warning:  Undefined variable $key in C:\Users\yagos\Local Sites\alquipressyago\app\public\deep-price-search.php on line 7
[13-Mar-2026 09:51:01 UTC] PHP Warning:  Undefined variable $key in C:\Users\yagos\Local Sites\alquipressyago\app\public\deep-price-search.php on line 7
[13-Mar-2026 09:51:01 UTC] PHP Warning:  Undefined variable $key in C:\Users\yagos\Local Sites\alquipressyago\app\public\deep-price-search.php on line 7
[13-Mar-2026 09:51:01 UTC] PHP Warning:  Undefined variable $key in C:\Users\yagos\Local Sites\alquipressyago\app\public\deep-price-search.php on line 7
[13-Mar-2026 09:51:01 UTC] PHP Warning:  Undefined variable $key in C:\Users\yagos\Local Sites\alquipressyago\app\public\deep-price-search.php on line 7
[13-Mar-2026 09:51:01 UTC] PHP Warning:  Undefined variable $key in C:\Users\yagos\Local Sites\alquipressyago\app\public\deep-price-search.php on line 7
[13-Mar-2026 09:51:01 UTC] PHP Warning:  Undefined variable $key in C:\Users\yagos\Local Sites\alquipressyago\app\public\deep-price-search.php on line 7
[13-Mar-2026 09:51:01 UTC] PHP Warning:  Undefined variable $key in C:\Users\yagos\Local Sites\alquipressyago\app\public\deep-price-search.php on line 7
[13-Mar-2026 09:51:01 UTC] PHP Warning:  Undefined variable $key in C:\Users\yagos\Local Sites\alquipressyago\app\public\deep-price-search.php on line 7
[13-Mar-2026 09:51:01 UTC] PHP Warning:  Undefined variable $key in C:\Users\yagos\Local Sites\alquipressyago\app\public\deep-price-search.php on line 7
[13-Mar-2026 09:51:01 UTC] PHP Warning:  Undefined variable $key in C:\Users\yagos\Local Sites\alquipressyago\app\public\deep-price-search.php on line 7
[13-Mar-2026 09:51:01 UTC] PHP Warning:  Undefined variable $key in C:\Users\yagos\Local Sites\alquipressyago\app\public\deep-price-search.php on line 7
[13-Mar-2026 09:51:01 UTC] PHP Warning:  Undefined variable $key in C:\Users\yagos\Local Sites\alquipressyago\app\public\deep-price-search.php on line 7
[13-Mar-2026 09:51:01 UTC] PHP Warning:  Undefined variable $key in C:\Users\yagos\Local Sites\alquipressyago\app\public\deep-price-search.php on line 7
[13-Mar-2026 09:51:01 UTC] PHP Warning:  Undefined variable $key in C:\Users\yagos\Local Sites\alquipressyago\app\public\deep-price-search.php on line 7
[13-Mar-2026 09:51:01 UTC] PHP Warning:  Undefined variable $key in C:\Users\yagos\Local Sites\alquipressyago\app\public\deep-price-search.php on line 7
[13-Mar-2026 09:51:01 UTC] PHP Warning:  Undefined variable $key in C:\Users\yagos\Local Sites\alquipressyago\app\public\deep-price-search.php on line 7
[13-Mar-2026 09:51:01 UTC] PHP Warning:  Undefined variable $key in C:\Users\yagos\Local Sites\alquipressyago\app\public\deep-price-search.php on line 7
[13-Mar-2026 09:51:01 UTC] PHP Warning:  Undefined variable $key in C:\Users\yagos\Local Sites\alquipressyago\app\public\deep-price-search.php on line 7
[13-Mar-2026 09:51:01 UTC] PHP Warning:  Undefined variable $key in C:\Users\yagos\Local Sites\alquipressyago\app\public\deep-price-search.php on line 7
[13-Mar-2026 09:51:01 UTC] PHP Warning:  Undefined variable $key in C:\Users\yagos\Local Sites\alquipressyago\app\public\deep-price-search.php on line 7
[13-Mar-2026 09:51:01 UTC] PHP Warning:  Undefined variable $key in C:\Users\yagos\Local Sites\alquipressyago\app\public\deep-price-search.php on line 7
[13-Mar-2026 09:51:01 UTC] PHP Warning:  Undefined variable $key in C:\Users\yagos\Local Sites\alquipressyago\app\public\deep-price-search.php on line 7
[13-Mar-2026 09:51:01 UTC] PHP Warning:  Undefined variable $key in C:\Users\yagos\Local Sites\alquipressyago\app\public\deep-price-search.php on line 7
[13-Mar-2026 09:51:01 UTC] PHP Warning:  Undefined variable $key in C:\Users\yagos\Local Sites\alquipressyago\app\public\deep-price-search.php on line 7
[13-Mar-2026 09:51:01 UTC] PHP Warning:  Undefined variable $key in C:\Users\yagos\Local Sites\alquipressyago\app\public\deep-price-search.php on line 7
[13-Mar-2026 09:51:01 UTC] PHP Warning:  Undefined variable $key in C:\Users\yagos\Local Sites\alquipressyago\app\public\deep-price-search.php on line 7
[13-Mar-2026 09:51:01 UTC] PHP Warning:  Undefined variable $key in C:\Users\yagos\Local Sites\alquipressyago\app\public\deep-price-search.php on line 7
[13-Mar-2026 09:51:01 UTC] PHP Warning:  Undefined variable $key in C:\Users\yagos\Local Sites\alquipressyago\app\public\deep-price-search.php on line 7
[13-Mar-2026 09:51:01 UTC] PHP Warning:  Undefined variable $key in C:\Users\yagos\Local Sites\alquipressyago\app\public\deep-price-search.php on line 7
[13-Mar-2026 09:51:01 UTC] PHP Warning:  Undefined variable $key in C:\Users\yagos\Local Sites\alquipressyago\app\public\deep-price-search.php on line 7
[13-Mar-2026 09:51:01 UTC] PHP Warning:  Undefined variable $key in C:\Users\yagos\Local Sites\alquipressyago\app\public\deep-price-search.php on line 7
[13-Mar-2026 09:51:01 UTC] PHP Warning:  Undefined variable $key in C:\Users\yagos\Local Sites\alquipressyago\app\public\deep-price-search.php on line 7
[13-Mar-2026 09:51:01 UTC] PHP Warning:  Undefined variable $key in C:\Users\yagos\Local Sites\alquipressyago\app\public\deep-price-search.php on line 7
[13-Mar-2026 09:51:01 UTC] PHP Warning:  Undefined variable $key in C:\Users\yagos\Local Sites\alquipressyago\app\public\deep-price-search.php on line 7
[13-Mar-2026 09:51:01 UTC] PHP Warning:  Undefined variable $key in C:\Users\yagos\Local Sites\alquipressyago\app\public\deep-price-search.php on line 7
[13-Mar-2026 09:51:01 UTC] PHP Warning:  Undefined variable $key in C:\Users\yagos\Local Sites\alquipressyago\app\public\deep-price-search.php on line 7
[13-Mar-2026 09:51:01 UTC] PHP Warning:  Undefined variable $key in C:\Users\yagos\Local Sites\alquipressyago\app\public\deep-price-search.php on line 7
[13-Mar-2026 09:51:01 UTC] PHP Warning:  Undefined variable $key in C:\Users\yagos\Local Sites\alquipressyago\app\public\deep-price-search.php on line 7
[13-Mar-2026 09:51:01 UTC] PHP Warning:  Undefined variable $key in C:\Users\yagos\Local Sites\alquipressyago\app\public\deep-price-search.php on line 7
[13-Mar-2026 09:51:01 UTC] PHP Warning:  Undefined variable $key in C:\Users\yagos\Local Sites\alquipressyago\app\public\deep-price-search.php on line 7
[13-Mar-2026 09:51:01 UTC] PHP Warning:  Undefined variable $key in C:\Users\yagos\Local Sites\alquipressyago\app\public\deep-price-search.php on line 7
[13-Mar-2026 09:51:01 UTC] PHP Warning:  Undefined variable $key in C:\Users\yagos\Local Sites\alquipressyago\app\public\deep-price-search.php on line 7
[13-Mar-2026 09:51:01 UTC] PHP Warning:  Undefined variable $key in C:\Users\yagos\Local Sites\alquipressyago\app\public\deep-price-search.php on line 7
[13-Mar-2026 09:51:01 UTC] PHP Warning:  Undefined variable $key in C:\Users\yagos\Local Sites\alquipressyago\app\public\deep-price-search.php on line 7
[13-Mar-2026 09:51:01 UTC] PHP Warning:  Undefined variable $key in C:\Users\yagos\Local Sites\alquipressyago\app\public\deep-price-search.php on line 7
[13-Mar-2026 09:51:01 UTC] PHP Warning:  Undefined variable $key in C:\Users\yagos\Local Sites\alquipressyago\app\public\deep-price-search.php on line 7
[13-Mar-2026 09:51:01 UTC] PHP Warning:  Undefined variable $key in C:\Users\yagos\Local Sites\alquipressyago\app\public\deep-price-search.php on line 7
[13-Mar-2026 09:51:01 UTC] PHP Warning:  Undefined variable $key in C:\Users\yagos\Local Sites\alquipressyago\app\public\deep-price-search.php on line 7
[13-Mar-2026 09:51:01 UTC] PHP Warning:  Undefined variable $key in C:\Users\yagos\Local Sites\alquipressyago\app\public\deep-price-search.php on line 7
[13-Mar-2026 09:51:01 UTC] PHP Warning:  Undefined variable $key in C:\Users\yagos\Local Sites\alquipressyago\app\public\deep-price-search.php on line 7
[13-Mar-2026 09:51:01 UTC] PHP Warning:  Undefined variable $key in C:\Users\yagos\Local Sites\alquipressyago\app\public\deep-price-search.php on line 7
[13-Mar-2026 09:51:01 UTC] PHP Warning:  Undefined variable $key in C:\Users\yagos\Local Sites\alquipressyago\app\public\deep-price-search.php on line 7
[13-Mar-2026 09:51:01 UTC] PHP Warning:  Undefined variable $key in C:\Users\yagos\Local Sites\alquipressyago\app\public\deep-price-search.php on line 7
[13-Mar-2026 09:51:01 UTC] PHP Warning:  Undefined variable $key in C:\Users\yagos\Local Sites\alquipressyago\app\public\deep-price-search.php on line 7
[13-Mar-2026 09:51:01 UTC] PHP Warning:  Undefined variable $key in C:\Users\yagos\Local Sites\alquipressyago\app\public\deep-price-search.php on line 7
[13-Mar-2026 09:51:01 UTC] PHP Warning:  Undefined variable $key in C:\Users\yagos\Local Sites\alquipressyago\app\public\deep-price-search.php on line 7
[13-Mar-2026 09:51:01 UTC] PHP Warning:  Undefined variable $key in C:\Users\yagos\Local Sites\alquipressyago\app\public\deep-price-search.php on line 7
[13-Mar-2026 09:51:01 UTC] PHP Warning:  Undefined variable $key in C:\Users\yagos\Local Sites\alquipressyago\app\public\deep-price-search.php on line 7
[13-Mar-2026 09:51:01 UTC] PHP Warning:  Undefined variable $key in C:\Users\yagos\Local Sites\alquipressyago\app\public\deep-price-search.php on line 7
[13-Mar-2026 09:51:01 UTC] PHP Warning:  Undefined variable $key in C:\Users\yagos\Local Sites\alquipressyago\app\public\deep-price-search.php on line 7
[13-Mar-2026 09:51:01 UTC] PHP Warning:  Undefined variable $key in C:\Users\yagos\Local Sites\alquipressyago\app\public\deep-price-search.php on line 7
[13-Mar-2026 09:51:01 UTC] PHP Warning:  Undefined variable $key in C:\Users\yagos\Local Sites\alquipressyago\app\public\deep-price-search.php on line 7
[13-Mar-2026 09:51:01 UTC] PHP Warning:  Undefined variable $key in C:\Users\yagos\Local Sites\alquipressyago\app\public\deep-price-search.php on line 7
[13-Mar-2026 09:51:01 UTC] PHP Warning:  Undefined variable $key in C:\Users\yagos\Local Sites\alquipressyago\app\public\deep-price-search.php on line 7
[13-Mar-2026 09:51:01 UTC] PHP Warning:  Undefined variable $key in C:\Users\yagos\Local Sites\alquipressyago\app\public\deep-price-search.php on line 7
[13-Mar-2026 09:51:01 UTC] PHP Warning:  Undefined variable $key in C:\Users\yagos\Local Sites\alquipressyago\app\public\deep-price-search.php on line 7
[13-Mar-2026 09:51:01 UTC] PHP Warning:  Undefined variable $key in C:\Users\yagos\Local Sites\alquipressyago\app\public\deep-price-search.php on line 7
[13-Mar-2026 09:51:01 UTC] PHP Warning:  Undefined variable $key in C:\Users\yagos\Local Sites\alquipressyago\app\public\deep-price-search.php on line 7
[13-Mar-2026 09:51:01 UTC] PHP Warning:  Undefined variable $key in C:\Users\yagos\Local Sites\alquipressyago\app\public\deep-price-search.php on line 7
[13-Mar-2026 09:51:01 UTC] PHP Warning:  Undefined variable $key in C:\Users\yagos\Local Sites\alquipressyago\app\public\deep-price-search.php on line 7
[13-Mar-2026 09:51:01 UTC] PHP Warning:  Undefined variable $key in C:\Users\yagos\Local Sites\alquipressyago\app\public\deep-price-search.php on line 7
[13-Mar-2026 09:51:01 UTC] PHP Warning:  Undefined variable $key in C:\Users\yagos\Local Sites\alquipressyago\app\public\deep-price-search.php on line 7
[13-Mar-2026 09:51:01 UTC] PHP Warning:  Undefined variable $key in C:\Users\yagos\Local Sites\alquipressyago\app\public\deep-price-search.php on line 7
[13-Mar-2026 09:51:01 UTC] PHP Warning:  Undefined variable $key in C:\Users\yagos\Local Sites\alquipressyago\app\public\deep-price-search.php on line 7
[13-Mar-2026 09:51:01 UTC] PHP Warning:  Undefined variable $key in C:\Users\yagos\Local Sites\alquipressyago\app\public\deep-price-search.php on line 7
[13-Mar-2026 09:51:01 UTC] PHP Warning:  Undefined variable $key in C:\Users\yagos\Local Sites\alquipressyago\app\public\deep-price-search.php on line 7
[13-Mar-2026 09:51:01 UTC] PHP Warning:  Undefined variable $key in C:\Users\yagos\Local Sites\alquipressyago\app\public\deep-price-search.php on line 7
[13-Mar-2026 09:51:01 UTC] PHP Warning:  Undefined variable $key in C:\Users\yagos\Local Sites\alquipressyago\app\public\deep-price-search.php on line 7
[13-Mar-2026 09:51:01 UTC] PHP Warning:  Undefined variable $key in C:\Users\yagos\Local Sites\alquipressyago\app\public\deep-price-search.php on line 7
[13-Mar-2026 09:51:01 UTC] PHP Warning:  Undefined variable $key in C:\Users\yagos\Local Sites\alquipressyago\app\public\deep-price-search.php on line 7
[13-Mar-2026 09:51:01 UTC] PHP Warning:  Undefined variable $key in C:\Users\yagos\Local Sites\alquipressyago\app\public\deep-price-search.php on line 7
[13-Mar-2026 09:51:01 UTC] PHP Warning:  Undefined variable $key in C:\Users\yagos\Local Sites\alquipressyago\app\public\deep-price-search.php on line 7
[13-Mar-2026 09:51:01 UTC] PHP Warning:  Undefined variable $key in C:\Users\yagos\Local Sites\alquipressyago\app\public\deep-price-search.php on line 7
[13-Mar-2026 09:51:01 UTC] PHP Warning:  Undefined variable $key in C:\Users\yagos\Local Sites\alquipressyago\app\public\deep-price-search.php on line 7
[13-Mar-2026 09:51:01 UTC] PHP Warning:  Undefined variable $key in C:\Users\yagos\Local Sites\alquipressyago\app\public\deep-price-search.php on line 7
[13-Mar-2026 09:51:01 UTC] PHP Warning:  Undefined variable $key in C:\Users\yagos\Local Sites\alquipressyago\app\public\deep-price-search.php on line 7
[13-Mar-2026 09:51:01 UTC] PHP Warning:  Undefined variable $key in C:\Users\yagos\Local Sites\alquipressyago\app\public\deep-price-search.php on line 7
[13-Mar-2026 09:51:01 UTC] PHP Warning:  Undefined variable $key in C:\Users\yagos\Local Sites\alquipressyago\app\public\deep-price-search.php on line 7
[13-Mar-2026 09:51:01 UTC] PHP Warning:  Undefined variable $key in C:\Users\yagos\Local Sites\alquipressyago\app\public\deep-price-search.php on line 7
[13-Mar-2026 09:51:01 UTC] PHP Warning:  Undefined variable $key in C:\Users\yagos\Local Sites\alquipressyago\app\public\deep-price-search.php on line 7
[13-Mar-2026 09:51:01 UTC] PHP Warning:  Undefined variable $key in C:\Users\yagos\Local Sites\alquipressyago\app\public\deep-price-search.php on line 7
[13-Mar-2026 09:51:01 UTC] PHP Warning:  Undefined variable $key in C:\Users\yagos\Local Sites\alquipressyago\app\public\deep-price-search.php on line 7
[13-Mar-2026 09:51:01 UTC] PHP Warning:  Undefined variable $key in C:\Users\yagos\Local Sites\alquipressyago\app\public\deep-price-search.php on line 7
[13-Mar-2026 09:51:01 UTC] PHP Warning:  Undefined variable $key in C:\Users\yagos\Local Sites\alquipressyago\app\public\deep-price-search.php on line 7
[13-Mar-2026 09:51:01 UTC] PHP Warning:  Undefined variable $key in C:\Users\yagos\Local Sites\alquipressyago\app\public\deep-price-search.php on line 7
[13-Mar-2026 09:51:01 UTC] PHP Warning:  Undefined variable $key in C:\Users\yagos\Local Sites\alquipressyago\app\public\deep-price-search.php on line 7
[13-Mar-2026 09:51:01 UTC] PHP Warning:  Undefined variable $key in C:\Users\yagos\Local Sites\alquipressyago\app\public\deep-price-search.php on line 7
[13-Mar-2026 09:51:01 UTC] PHP Warning:  Undefined variable $key in C:\Users\yagos\Local Sites\alquipressyago\app\public\deep-price-search.php on line 7
[13-Mar-2026 09:51:01 UTC] PHP Warning:  Undefined variable $key in C:\Users\yagos\Local Sites\alquipressyago\app\public\deep-price-search.php on line 7
[13-Mar-2026 09:51:01 UTC] PHP Warning:  Undefined variable $key in C:\Users\yagos\Local Sites\alquipressyago\app\public\deep-price-search.php on line 7
[13-Mar-2026 09:51:01 UTC] PHP Warning:  Undefined variable $key in C:\Users\yagos\Local Sites\alquipressyago\app\public\deep-price-search.php on line 7
[13-Mar-2026 09:51:01 UTC] PHP Warning:  Undefined variable $key in C:\Users\yagos\Local Sites\alquipressyago\app\public\deep-price-search.php on line 7
[13-Mar-2026 09:51:01 UTC] PHP Warning:  Undefined variable $key in C:\Users\yagos\Local Sites\alquipressyago\app\public\deep-price-search.php on line 7
[13-Mar-2026 09:51:01 UTC] PHP Warning:  Undefined variable $key in C:\Users\yagos\Local Sites\alquipressyago\app\public\deep-price-search.php on line 7
[13-Mar-2026 09:51:01 UTC] PHP Warning:  Undefined variable $key in C:\Users\yagos\Local Sites\alquipressyago\app\public\deep-price-search.php on line 7
[13-Mar-2026 09:51:01 UTC] PHP Warning:  Undefined variable $key in C:\Users\yagos\Local Sites\alquipressyago\app\public\deep-price-search.php on line 7
[13-Mar-2026 09:51:01 UTC] PHP Warning:  Undefined variable $key in C:\Users\yagos\Local Sites\alquipressyago\app\public\deep-price-search.php on line 7
[13-Mar-2026 09:51:01 UTC] PHP Warning:  Undefined variable $key in C:\Users\yagos\Local Sites\alquipressyago\app\public\deep-price-search.php on line 7
[13-Mar-2026 09:51:01 UTC] PHP Warning:  Undefined variable $key in C:\Users\yagos\Local Sites\alquipressyago\app\public\deep-price-search.php on line 7
[13-Mar-2026 09:51:01 UTC] PHP Warning:  Undefined variable $key in C:\Users\yagos\Local Sites\alquipressyago\app\public\deep-price-search.php on line 7
[13-Mar-2026 09:51:01 UTC] PHP Warning:  Undefined variable $key in C:\Users\yagos\Local Sites\alquipressyago\app\public\deep-price-search.php on line 7
[13-Mar-2026 09:51:01 UTC] PHP Warning:  Undefined variable $key in C:\Users\yagos\Local Sites\alquipressyago\app\public\deep-price-search.php on line 7
[13-Mar-2026 09:51:01 UTC] PHP Warning:  Undefined variable $key in C:\Users\yagos\Local Sites\alquipressyago\app\public\deep-price-search.php on line 7
[13-Mar-2026 09:51:01 UTC] PHP Warning:  Undefined variable $key in C:\Users\yagos\Local Sites\alquipressyago\app\public\deep-price-search.php on line 7
[13-Mar-2026 09:51:01 UTC] PHP Warning:  Undefined variable $key in C:\Users\yagos\Local Sites\alquipressyago\app\public\deep-price-search.php on line 7
[13-Mar-2026 09:51:01 UTC] PHP Warning:  Undefined variable $key in C:\Users\yagos\Local Sites\alquipressyago\app\public\deep-price-search.php on line 7
[13-Mar-2026 09:51:01 UTC] PHP Warning:  Undefined variable $key in C:\Users\yagos\Local Sites\alquipressyago\app\public\deep-price-search.php on line 7
[13-Mar-2026 09:51:01 UTC] PHP Warning:  Undefined variable $key in C:\Users\yagos\Local Sites\alquipressyago\app\public\deep-price-search.php on line 7
[13-Mar-2026 09:51:01 UTC] PHP Warning:  Undefined variable $key in C:\Users\yagos\Local Sites\alquipressyago\app\public\deep-price-search.php on line 7
[13-Mar-2026 09:51:01 UTC] PHP Warning:  Undefined variable $key in C:\Users\yagos\Local Sites\alquipressyago\app\public\deep-price-search.php on line 7
[13-Mar-2026 09:51:01 UTC] PHP Warning:  Undefined variable $key in C:\Users\yagos\Local Sites\alquipressyago\app\public\deep-price-search.php on line 7
[13-Mar-2026 09:51:01 UTC] PHP Warning:  Undefined variable $key in C:\Users\yagos\Local Sites\alquipressyago\app\public\deep-price-search.php on line 7
[13-Mar-2026 09:51:01 UTC] PHP Warning:  Undefined variable $key in C:\Users\yagos\Local Sites\alquipressyago\app\public\deep-price-search.php on line 7
[13-Mar-2026 09:51:01 UTC] PHP Warning:  Undefined variable $key in C:\Users\yagos\Local Sites\alquipressyago\app\public\deep-price-search.php on line 7
[13-Mar-2026 09:51:01 UTC] PHP Warning:  Undefined variable $key in C:\Users\yagos\Local Sites\alquipressyago\app\public\deep-price-search.php on line 7
[13-Mar-2026 09:51:01 UTC] PHP Warning:  Undefined variable $key in C:\Users\yagos\Local Sites\alquipressyago\app\public\deep-price-search.php on line 7
[13-Mar-2026 09:51:01 UTC] PHP Warning:  Undefined variable $key in C:\Users\yagos\Local Sites\alquipressyago\app\public\deep-price-search.php on line 7
[13-Mar-2026 09:51:01 UTC] PHP Warning:  Undefined variable $key in C:\Users\yagos\Local Sites\alquipressyago\app\public\deep-price-search.php on line 7
[13-Mar-2026 09:51:01 UTC] PHP Warning:  Undefined variable $key in C:\Users\yagos\Local Sites\alquipressyago\app\public\deep-price-search.php on line 7
[13-Mar-2026 09:51:01 UTC] PHP Warning:  Undefined variable $key in C:\Users\yagos\Local Sites\alquipressyago\app\public\deep-price-search.php on line 7
[13-Mar-2026 09:51:01 UTC] PHP Warning:  Undefined variable $key in C:\Users\yagos\Local Sites\alquipressyago\app\public\deep-price-search.php on line 7
[13-Mar-2026 09:51:01 UTC] PHP Warning:  Undefined variable $key in C:\Users\yagos\Local Sites\alquipressyago\app\public\deep-price-search.php on line 7
[13-Mar-2026 09:51:01 UTC] PHP Warning:  Undefined variable $key in C:\Users\yagos\Local Sites\alquipressyago\app\public\deep-price-search.php on line 7
[13-Mar-2026 09:51:01 UTC] PHP Warning:  Undefined variable $key in C:\Users\yagos\Local Sites\alquipressyago\app\public\deep-price-search.php on line 7
[13-Mar-2026 09:51:01 UTC] PHP Warning:  Undefined variable $key in C:\Users\yagos\Local Sites\alquipressyago\app\public\deep-price-search.php on line 7
[13-Mar-2026 09:51:01 UTC] PHP Warning:  Undefined variable $key in C:\Users\yagos\Local Sites\alquipressyago\app\public\deep-price-search.php on line 7
[13-Mar-2026 09:51:01 UTC] PHP Warning:  Undefined variable $key in C:\Users\yagos\Local Sites\alquipressyago\app\public\deep-price-search.php on line 7
[13-Mar-2026 09:51:01 UTC] PHP Warning:  Undefined variable $key in C:\Users\yagos\Local Sites\alquipressyago\app\public\deep-price-search.php on line 7
[13-Mar-2026 09:51:01 UTC] PHP Warning:  Undefined variable $key in C:\Users\yagos\Local Sites\alquipressyago\app\public\deep-price-search.php on line 7
[13-Mar-2026 09:51:01 UTC] PHP Warning:  Undefined variable $key in C:\Users\yagos\Local Sites\alquipressyago\app\public\deep-price-search.php on line 7
[13-Mar-2026 09:51:01 UTC] PHP Warning:  Undefined variable $key in C:\Users\yagos\Local Sites\alquipressyago\app\public\deep-price-search.php on line 7
[13-Mar-2026 09:51:01 UTC] PHP Warning:  Undefined variable $key in C:\Users\yagos\Local Sites\alquipressyago\app\public\deep-price-search.php on line 7
[13-Mar-2026 09:51:01 UTC] PHP Warning:  Undefined variable $key in C:\Users\yagos\Local Sites\alquipressyago\app\public\deep-price-search.php on line 7
[13-Mar-2026 09:51:01 UTC] PHP Warning:  Undefined variable $key in C:\Users\yagos\Local Sites\alquipressyago\app\public\deep-price-search.php on line 7
[13-Mar-2026 09:51:01 UTC] PHP Warning:  Undefined variable $key in C:\Users\yagos\Local Sites\alquipressyago\app\public\deep-price-search.php on line 7
[13-Mar-2026 09:51:01 UTC] PHP Warning:  Undefined variable $key in C:\Users\yagos\Local Sites\alquipressyago\app\public\deep-price-search.php on line 7
[13-Mar-2026 09:51:01 UTC] PHP Warning:  Undefined variable $key in C:\Users\yagos\Local Sites\alquipressyago\app\public\deep-price-search.php on line 7
[13-Mar-2026 09:51:01 UTC] PHP Warning:  Undefined variable $key in C:\Users\yagos\Local Sites\alquipressyago\app\public\deep-price-search.php on line 7
[13-Mar-2026 09:51:01 UTC] PHP Warning:  Undefined variable $key in C:\Users\yagos\Local Sites\alquipressyago\app\public\deep-price-search.php on line 7
[13-Mar-2026 09:51:01 UTC] PHP Warning:  Undefined variable $key in C:\Users\yagos\Local Sites\alquipressyago\app\public\deep-price-search.php on line 7
[13-Mar-2026 09:51:01 UTC] PHP Warning:  Undefined variable $key in C:\Users\yagos\Local Sites\alquipressyago\app\public\deep-price-search.php on line 7
[13-Mar-2026 09:51:01 UTC] PHP Warning:  Undefined variable $key in C:\Users\yagos\Local Sites\alquipressyago\app\public\deep-price-search.php on line 7
[13-Mar-2026 09:51:01 UTC] PHP Warning:  Undefined variable $key in C:\Users\yagos\Local Sites\alquipressyago\app\public\deep-price-search.php on line 7
[13-Mar-2026 09:51:01 UTC] PHP Warning:  Undefined variable $key in C:\Users\yagos\Local Sites\alquipressyago\app\public\deep-price-search.php on line 7
[13-Mar-2026 09:51:01 UTC] PHP Warning:  Undefined variable $key in C:\Users\yagos\Local Sites\alquipressyago\app\public\deep-price-search.php on line 7
[13-Mar-2026 09:51:01 UTC] PHP Warning:  Undefined variable $key in C:\Users\yagos\Local Sites\alquipressyago\app\public\deep-price-search.php on line 7
[13-Mar-2026 09:51:01 UTC] PHP Warning:  Undefined variable $key in C:\Users\yagos\Local Sites\alquipressyago\app\public\deep-price-search.php on line 7
[13-Mar-2026 09:51:01 UTC] PHP Warning:  Undefined variable $key in C:\Users\yagos\Local Sites\alquipressyago\app\public\deep-price-search.php on line 7
[13-Mar-2026 09:51:01 UTC] PHP Warning:  Undefined variable $key in C:\Users\yagos\Local Sites\alquipressyago\app\public\deep-price-search.php on line 7
[13-Mar-2026 09:51:01 UTC] PHP Warning:  Undefined variable $key in C:\Users\yagos\Local Sites\alquipressyago\app\public\deep-price-search.php on line 7
[13-Mar-2026 09:51:01 UTC] PHP Warning:  Undefined variable $key in C:\Users\yagos\Local Sites\alquipressyago\app\public\deep-price-search.php on line 7
[13-Mar-2026 09:51:01 UTC] PHP Warning:  Undefined variable $key in C:\Users\yagos\Local Sites\alquipressyago\app\public\deep-price-search.php on line 7
[13-Mar-2026 09:51:01 UTC] PHP Warning:  Undefined variable $key in C:\Users\yagos\Local Sites\alquipressyago\app\public\deep-price-search.php on line 7
[13-Mar-2026 09:51:01 UTC] PHP Warning:  Undefined variable $key in C:\Users\yagos\Local Sites\alquipressyago\app\public\deep-price-search.php on line 7
[13-Mar-2026 09:51:01 UTC] PHP Warning:  Undefined variable $key in C:\Users\yagos\Local Sites\alquipressyago\app\public\deep-price-search.php on line 7
[13-Mar-2026 09:51:01 UTC] PHP Warning:  Undefined variable $key in C:\Users\yagos\Local Sites\alquipressyago\app\public\deep-price-search.php on line 7
[13-Mar-2026 09:51:01 UTC] PHP Warning:  Undefined variable $key in C:\Users\yagos\Local Sites\alquipressyago\app\public\deep-price-search.php on line 7
[13-Mar-2026 09:51:01 UTC] PHP Warning:  Undefined variable $key in C:\Users\yagos\Local Sites\alquipressyago\app\public\deep-price-search.php on line 7
[13-Mar-2026 09:51:01 UTC] PHP Warning:  Undefined variable $key in C:\Users\yagos\Local Sites\alquipressyago\app\public\deep-price-search.php on line 7
[13-Mar-2026 09:51:01 UTC] PHP Warning:  Undefined variable $key in C:\Users\yagos\Local Sites\alquipressyago\app\public\deep-price-search.php on line 7
[13-Mar-2026 09:51:01 UTC] PHP Warning:  Undefined variable $key in C:\Users\yagos\Local Sites\alquipressyago\app\public\deep-price-search.php on line 7
[13-Mar-2026 09:51:01 UTC] PHP Warning:  Undefined variable $key in C:\Users\yagos\Local Sites\alquipressyago\app\public\deep-price-search.php on line 7
[13-Mar-2026 09:51:01 UTC] PHP Warning:  Undefined variable $key in C:\Users\yagos\Local Sites\alquipressyago\app\public\deep-price-search.php on line 7
[13-Mar-2026 09:51:01 UTC] PHP Warning:  Undefined variable $key in C:\Users\yagos\Local Sites\alquipressyago\app\public\deep-price-search.php on line 7
[13-Mar-2026 09:51:01 UTC] PHP Warning:  Undefined variable $key in C:\Users\yagos\Local Sites\alquipressyago\app\public\deep-price-search.php on line 7
[13-Mar-2026 09:51:01 UTC] PHP Warning:  Undefined variable $key in C:\Users\yagos\Local Sites\alquipressyago\app\public\deep-price-search.php on line 7
[13-Mar-2026 09:51:01 UTC] PHP Warning:  Undefined variable $key in C:\Users\yagos\Local Sites\alquipressyago\app\public\deep-price-search.php on line 7
[13-Mar-2026 09:51:01 UTC] PHP Warning:  Undefined variable $key in C:\Users\yagos\Local Sites\alquipressyago\app\public\deep-price-search.php on line 7
[13-Mar-2026 09:51:01 UTC] PHP Warning:  Undefined variable $key in C:\Users\yagos\Local Sites\alquipressyago\app\public\deep-price-search.php on line 7
[13-Mar-2026 09:51:01 UTC] PHP Warning:  Undefined variable $key in C:\Users\yagos\Local Sites\alquipressyago\app\public\deep-price-search.php on line 7
[13-Mar-2026 09:51:01 UTC] PHP Warning:  Undefined variable $key in C:\Users\yagos\Local Sites\alquipressyago\app\public\deep-price-search.php on line 7
[13-Mar-2026 09:51:01 UTC] PHP Warning:  Undefined variable $key in C:\Users\yagos\Local Sites\alquipressyago\app\public\deep-price-search.php on line 7
[13-Mar-2026 09:51:01 UTC] PHP Warning:  Undefined variable $key in C:\Users\yagos\Local Sites\alquipressyago\app\public\deep-price-search.php on line 7
[13-Mar-2026 09:51:01 UTC] PHP Warning:  Undefined variable $key in C:\Users\yagos\Local Sites\alquipressyago\app\public\deep-price-search.php on line 7
[13-Mar-2026 09:51:01 UTC] PHP Warning:  Undefined variable $key in C:\Users\yagos\Local Sites\alquipressyago\app\public\deep-price-search.php on line 7
[13-Mar-2026 09:51:01 UTC] PHP Warning:  Undefined variable $key in C:\Users\yagos\Local Sites\alquipressyago\app\public\deep-price-search.php on line 7
[13-Mar-2026 09:51:01 UTC] PHP Warning:  Undefined variable $key in C:\Users\yagos\Local Sites\alquipressyago\app\public\deep-price-search.php on line 7
[13-Mar-2026 09:51:01 UTC] PHP Warning:  Undefined variable $key in C:\Users\yagos\Local Sites\alquipressyago\app\public\deep-price-search.php on line 7
[13-Mar-2026 09:51:01 UTC] PHP Warning:  Undefined variable $key in C:\Users\yagos\Local Sites\alquipressyago\app\public\deep-price-search.php on line 7
[13-Mar-2026 09:51:01 UTC] PHP Warning:  Undefined variable $key in C:\Users\yagos\Local Sites\alquipressyago\app\public\deep-price-search.php on line 7
[13-Mar-2026 09:51:01 UTC] PHP Warning:  Undefined variable $key in C:\Users\yagos\Local Sites\alquipressyago\app\public\deep-price-search.php on line 7
[13-Mar-2026 09:51:01 UTC] PHP Warning:  Undefined variable $key in C:\Users\yagos\Local Sites\alquipressyago\app\public\deep-price-search.php on line 7
[13-Mar-2026 09:51:01 UTC] PHP Warning:  Undefined variable $key in C:\Users\yagos\Local Sites\alquipressyago\app\public\deep-price-search.php on line 7
[13-Mar-2026 09:51:01 UTC] PHP Warning:  Undefined variable $key in C:\Users\yagos\Local Sites\alquipressyago\app\public\deep-price-search.php on line 7
[13-Mar-2026 09:51:01 UTC] PHP Warning:  Undefined variable $key in C:\Users\yagos\Local Sites\alquipressyago\app\public\deep-price-search.php on line 7
[13-Mar-2026 09:51:01 UTC] PHP Warning:  Undefined variable $key in C:\Users\yagos\Local Sites\alquipressyago\app\public\deep-price-search.php on line 7
[13-Mar-2026 09:51:01 UTC] PHP Warning:  Undefined variable $key in C:\Users\yagos\Local Sites\alquipressyago\app\public\deep-price-search.php on line 7
[13-Mar-2026 09:51:01 UTC] PHP Warning:  Undefined variable $key in C:\Users\yagos\Local Sites\alquipressyago\app\public\deep-price-search.php on line 7
[13-Mar-2026 09:51:01 UTC] PHP Warning:  Undefined variable $key in C:\Users\yagos\Local Sites\alquipressyago\app\public\deep-price-search.php on line 7
[13-Mar-2026 09:51:01 UTC] PHP Warning:  Undefined variable $key in C:\Users\yagos\Local Sites\alquipressyago\app\public\deep-price-search.php on line 7
[13-Mar-2026 09:51:01 UTC] PHP Warning:  Undefined variable $key in C:\Users\yagos\Local Sites\alquipressyago\app\public\deep-price-search.php on line 7
[13-Mar-2026 09:51:01 UTC] PHP Warning:  Undefined variable $key in C:\Users\yagos\Local Sites\alquipressyago\app\public\deep-price-search.php on line 7
[13-Mar-2026 09:51:01 UTC] PHP Warning:  Undefined variable $key in C:\Users\yagos\Local Sites\alquipressyago\app\public\deep-price-search.php on line 7
[13-Mar-2026 09:51:01 UTC] PHP Warning:  Undefined variable $key in C:\Users\yagos\Local Sites\alquipressyago\app\public\deep-price-search.php on line 7
[13-Mar-2026 09:51:01 UTC] PHP Warning:  Undefined variable $key in C:\Users\yagos\Local Sites\alquipressyago\app\public\deep-price-search.php on line 7
[13-Mar-2026 09:51:01 UTC] PHP Warning:  Undefined variable $key in C:\Users\yagos\Local Sites\alquipressyago\app\public\deep-price-search.php on line 7
[13-Mar-2026 09:51:01 UTC] PHP Warning:  Undefined variable $key in C:\Users\yagos\Local Sites\alquipressyago\app\public\deep-price-search.php on line 7
[13-Mar-2026 09:51:01 UTC] PHP Warning:  Undefined variable $key in C:\Users\yagos\Local Sites\alquipressyago\app\public\deep-price-search.php on line 7
[13-Mar-2026 09:51:01 UTC] PHP Warning:  Undefined variable $key in C:\Users\yagos\Local Sites\alquipressyago\app\public\deep-price-search.php on line 7
[13-Mar-2026 09:51:01 UTC] PHP Warning:  Undefined variable $key in C:\Users\yagos\Local Sites\alquipressyago\app\public\deep-price-search.php on line 7
[13-Mar-2026 09:51:01 UTC] PHP Warning:  Undefined variable $key in C:\Users\yagos\Local Sites\alquipressyago\app\public\deep-price-search.php on line 7
[13-Mar-2026 09:51:01 UTC] PHP Warning:  Undefined variable $key in C:\Users\yagos\Local Sites\alquipressyago\app\public\deep-price-search.php on line 7
[13-Mar-2026 09:51:01 UTC] PHP Warning:  Undefined variable $key in C:\Users\yagos\Local Sites\alquipressyago\app\public\deep-price-search.php on line 7
[13-Mar-2026 09:51:01 UTC] PHP Warning:  Undefined variable $key in C:\Users\yagos\Local Sites\alquipressyago\app\public\deep-price-search.php on line 7
[13-Mar-2026 09:51:01 UTC] PHP Warning:  Undefined variable $key in C:\Users\yagos\Local Sites\alquipressyago\app\public\deep-price-search.php on line 7
[13-Mar-2026 09:51:01 UTC] PHP Warning:  Undefined variable $key in C:\Users\yagos\Local Sites\alquipressyago\app\public\deep-price-search.php on line 7
[13-Mar-2026 09:51:01 UTC] PHP Warning:  Undefined variable $key in C:\Users\yagos\Local Sites\alquipressyago\app\public\deep-price-search.php on line 7
[13-Mar-2026 09:51:01 UTC] PHP Warning:  Undefined variable $key in C:\Users\yagos\Local Sites\alquipressyago\app\public\deep-price-search.php on line 7
[13-Mar-2026 09:51:01 UTC] PHP Warning:  Undefined variable $key in C:\Users\yagos\Local Sites\alquipressyago\app\public\deep-price-search.php on line 7
[13-Mar-2026 09:51:01 UTC] PHP Warning:  Undefined variable $key in C:\Users\yagos\Local Sites\alquipressyago\app\public\deep-price-search.php on line 7
[13-Mar-2026 09:51:01 UTC] PHP Warning:  Undefined variable $key in C:\Users\yagos\Local Sites\alquipressyago\app\public\deep-price-search.php on line 7
[13-Mar-2026 09:51:01 UTC] PHP Warning:  Undefined variable $key in C:\Users\yagos\Local Sites\alquipressyago\app\public\deep-price-search.php on line 7
[13-Mar-2026 09:51:01 UTC] PHP Warning:  Undefined variable $key in C:\Users\yagos\Local Sites\alquipressyago\app\public\deep-price-search.php on line 7
[13-Mar-2026 09:51:01 UTC] PHP Warning:  Undefined variable $key in C:\Users\yagos\Local Sites\alquipressyago\app\public\deep-price-search.php on line 7
[13-Mar-2026 09:51:01 UTC] PHP Warning:  Undefined variable $key in C:\Users\yagos\Local Sites\alquipressyago\app\public\deep-price-search.php on line 7
[13-Mar-2026 09:51:01 UTC] PHP Warning:  Undefined variable $key in C:\Users\yagos\Local Sites\alquipressyago\app\public\deep-price-search.php on line 7
[13-Mar-2026 09:51:01 UTC] PHP Warning:  Undefined variable $key in C:\Users\yagos\Local Sites\alquipressyago\app\public\deep-price-search.php on line 7
[13-Mar-2026 09:51:01 UTC] PHP Warning:  Undefined variable $key in C:\Users\yagos\Local Sites\alquipressyago\app\public\deep-price-search.php on line 7
[13-Mar-2026 09:51:01 UTC] PHP Warning:  Undefined variable $key in C:\Users\yagos\Local Sites\alquipressyago\app\public\deep-price-search.php on line 7
[13-Mar-2026 09:51:01 UTC] PHP Warning:  Undefined variable $key in C:\Users\yagos\Local Sites\alquipressyago\app\public\deep-price-search.php on line 7
[13-Mar-2026 09:51:01 UTC] PHP Warning:  Undefined variable $key in C:\Users\yagos\Local Sites\alquipressyago\app\public\deep-price-search.php on line 7
[13-Mar-2026 09:51:01 UTC] PHP Warning:  Undefined variable $key in C:\Users\yagos\Local Sites\alquipressyago\app\public\deep-price-search.php on line 7
[13-Mar-2026 09:51:01 UTC] PHP Warning:  Undefined variable $key in C:\Users\yagos\Local Sites\alquipressyago\app\public\deep-price-search.php on line 7
[13-Mar-2026 09:51:01 UTC] PHP Warning:  Undefined variable $key in C:\Users\yagos\Local Sites\alquipressyago\app\public\deep-price-search.php on line 7
[13-Mar-2026 09:51:01 UTC] PHP Warning:  Undefined variable $key in C:\Users\yagos\Local Sites\alquipressyago\app\public\deep-price-search.php on line 7
[13-Mar-2026 09:51:01 UTC] PHP Warning:  Undefined variable $key in C:\Users\yagos\Local Sites\alquipressyago\app\public\deep-price-search.php on line 7
[13-Mar-2026 09:51:01 UTC] PHP Warning:  Undefined variable $key in C:\Users\yagos\Local Sites\alquipressyago\app\public\deep-price-search.php on line 7
[13-Mar-2026 09:51:01 UTC] PHP Warning:  Undefined variable $key in C:\Users\yagos\Local Sites\alquipressyago\app\public\deep-price-search.php on line 7
[13-Mar-2026 09:51:01 UTC] PHP Warning:  Undefined variable $key in C:\Users\yagos\Local Sites\alquipressyago\app\public\deep-price-search.php on line 7
[13-Mar-2026 09:51:01 UTC] PHP Warning:  Undefined variable $key in C:\Users\yagos\Local Sites\alquipressyago\app\public\deep-price-search.php on line 7
[13-Mar-2026 09:51:01 UTC] PHP Warning:  Undefined variable $key in C:\Users\yagos\Local Sites\alquipressyago\app\public\deep-price-search.php on line 7
[13-Mar-2026 09:51:01 UTC] PHP Warning:  Undefined variable $key in C:\Users\yagos\Local Sites\alquipressyago\app\public\deep-price-search.php on line 7
[13-Mar-2026 09:51:01 UTC] PHP Warning:  Undefined variable $key in C:\Users\yagos\Local Sites\alquipressyago\app\public\deep-price-search.php on line 7
[13-Mar-2026 09:51:01 UTC] PHP Warning:  Undefined variable $key in C:\Users\yagos\Local Sites\alquipressyago\app\public\deep-price-search.php on line 7
[13-Mar-2026 09:51:01 UTC] PHP Warning:  Undefined variable $key in C:\Users\yagos\Local Sites\alquipressyago\app\public\deep-price-search.php on line 7
[13-Mar-2026 09:51:01 UTC] PHP Warning:  Undefined variable $key in C:\Users\yagos\Local Sites\alquipressyago\app\public\deep-price-search.php on line 7
[13-Mar-2026 09:51:01 UTC] PHP Warning:  Undefined variable $key in C:\Users\yagos\Local Sites\alquipressyago\app\public\deep-price-search.php on line 7
[13-Mar-2026 09:51:01 UTC] PHP Warning:  Undefined variable $key in C:\Users\yagos\Local Sites\alquipressyago\app\public\deep-price-search.php on line 7
[13-Mar-2026 09:51:01 UTC] PHP Warning:  Undefined variable $key in C:\Users\yagos\Local Sites\alquipressyago\app\public\deep-price-search.php on line 7
[13-Mar-2026 09:51:01 UTC] PHP Warning:  Undefined variable $key in C:\Users\yagos\Local Sites\alquipressyago\app\public\deep-price-search.php on line 7
[13-Mar-2026 09:51:01 UTC] PHP Warning:  Undefined variable $key in C:\Users\yagos\Local Sites\alquipressyago\app\public\deep-price-search.php on line 7
[13-Mar-2026 09:51:01 UTC] PHP Warning:  Undefined variable $key in C:\Users\yagos\Local Sites\alquipressyago\app\public\deep-price-search.php on line 7
[13-Mar-2026 09:51:01 UTC] PHP Warning:  Undefined variable $key in C:\Users\yagos\Local Sites\alquipressyago\app\public\deep-price-search.php on line 7
[13-Mar-2026 09:51:01 UTC] PHP Warning:  Undefined variable $key in C:\Users\yagos\Local Sites\alquipressyago\app\public\deep-price-search.php on line 7
[13-Mar-2026 09:51:01 UTC] PHP Warning:  Undefined variable $key in C:\Users\yagos\Local Sites\alquipressyago\app\public\deep-price-search.php on line 7
[13-Mar-2026 09:51:01 UTC] PHP Warning:  Undefined variable $key in C:\Users\yagos\Local Sites\alquipressyago\app\public\deep-price-search.php on line 7
[13-Mar-2026 09:51:01 UTC] PHP Warning:  Undefined variable $key in C:\Users\yagos\Local Sites\alquipressyago\app\public\deep-price-search.php on line 7
[13-Mar-2026 09:51:01 UTC] PHP Warning:  Undefined variable $key in C:\Users\yagos\Local Sites\alquipressyago\app\public\deep-price-search.php on line 7
[13-Mar-2026 09:51:01 UTC] PHP Warning:  Undefined variable $key in C:\Users\yagos\Local Sites\alquipressyago\app\public\deep-price-search.php on line 7
[13-Mar-2026 09:51:01 UTC] PHP Warning:  Undefined variable $key in C:\Users\yagos\Local Sites\alquipressyago\app\public\deep-price-search.php on line 7
[13-Mar-2026 09:51:01 UTC] PHP Warning:  Undefined variable $key in C:\Users\yagos\Local Sites\alquipressyago\app\public\deep-price-search.php on line 7
[13-Mar-2026 09:51:01 UTC] PHP Warning:  Undefined variable $key in C:\Users\yagos\Local Sites\alquipressyago\app\public\deep-price-search.php on line 7
[13-Mar-2026 09:51:01 UTC] PHP Warning:  Undefined variable $key in C:\Users\yagos\Local Sites\alquipressyago\app\public\deep-price-search.php on line 7
[13-Mar-2026 09:51:01 UTC] PHP Warning:  Undefined variable $key in C:\Users\yagos\Local Sites\alquipressyago\app\public\deep-price-search.php on line 7
[13-Mar-2026 09:51:01 UTC] PHP Warning:  Undefined variable $key in C:\Users\yagos\Local Sites\alquipressyago\app\public\deep-price-search.php on line 7
[13-Mar-2026 09:51:01 UTC] PHP Warning:  Undefined variable $key in C:\Users\yagos\Local Sites\alquipressyago\app\public\deep-price-search.php on line 7
[13-Mar-2026 09:51:01 UTC] PHP Warning:  Undefined variable $key in C:\Users\yagos\Local Sites\alquipressyago\app\public\deep-price-search.php on line 7
[13-Mar-2026 09:51:01 UTC] PHP Warning:  Undefined variable $key in C:\Users\yagos\Local Sites\alquipressyago\app\public\deep-price-search.php on line 7
[13-Mar-2026 09:51:01 UTC] PHP Warning:  Undefined variable $key in C:\Users\yagos\Local Sites\alquipressyago\app\public\deep-price-search.php on line 7
[13-Mar-2026 09:51:01 UTC] PHP Warning:  Undefined variable $key in C:\Users\yagos\Local Sites\alquipressyago\app\public\deep-price-search.php on line 7
[13-Mar-2026 09:51:01 UTC] PHP Warning:  Undefined variable $key in C:\Users\yagos\Local Sites\alquipressyago\app\public\deep-price-search.php on line 7
[13-Mar-2026 09:51:01 UTC] PHP Warning:  Undefined variable $key in C:\Users\yagos\Local Sites\alquipressyago\app\public\deep-price-search.php on line 7
[13-Mar-2026 09:51:01 UTC] PHP Warning:  Undefined variable $key in C:\Users\yagos\Local Sites\alquipressyago\app\public\deep-price-search.php on line 7
[13-Mar-2026 09:51:01 UTC] PHP Warning:  Undefined variable $key in C:\Users\yagos\Local Sites\alquipressyago\app\public\deep-price-search.php on line 7
[13-Mar-2026 09:51:01 UTC] PHP Warning:  Undefined variable $key in C:\Users\yagos\Local Sites\alquipressyago\app\public\deep-price-search.php on line 7
[13-Mar-2026 09:51:01 UTC] PHP Warning:  Undefined variable $key in C:\Users\yagos\Local Sites\alquipressyago\app\public\deep-price-search.php on line 7
[13-Mar-2026 09:51:01 UTC] PHP Warning:  Undefined variable $key in C:\Users\yagos\Local Sites\alquipressyago\app\public\deep-price-search.php on line 7
[13-Mar-2026 09:51:01 UTC] PHP Warning:  Undefined variable $key in C:\Users\yagos\Local Sites\alquipressyago\app\public\deep-price-search.php on line 7
[13-Mar-2026 09:51:01 UTC] PHP Warning:  Undefined variable $key in C:\Users\yagos\Local Sites\alquipressyago\app\public\deep-price-search.php on line 7
[13-Mar-2026 09:51:01 UTC] PHP Warning:  Undefined variable $key in C:\Users\yagos\Local Sites\alquipressyago\app\public\deep-price-search.php on line 7
[13-Mar-2026 09:51:01 UTC] PHP Warning:  Undefined variable $key in C:\Users\yagos\Local Sites\alquipressyago\app\public\deep-price-search.php on line 7
[13-Mar-2026 09:51:01 UTC] PHP Warning:  Undefined variable $key in C:\Users\yagos\Local Sites\alquipressyago\app\public\deep-price-search.php on line 7
[13-Mar-2026 09:51:01 UTC] PHP Warning:  Undefined variable $key in C:\Users\yagos\Local Sites\alquipressyago\app\public\deep-price-search.php on line 7
[13-Mar-2026 09:51:01 UTC] PHP Warning:  Undefined variable $key in C:\Users\yagos\Local Sites\alquipressyago\app\public\deep-price-search.php on line 7
[13-Mar-2026 09:51:01 UTC] PHP Warning:  Undefined variable $key in C:\Users\yagos\Local Sites\alquipressyago\app\public\deep-price-search.php on line 7
[13-Mar-2026 09:51:01 UTC] PHP Warning:  Undefined variable $key in C:\Users\yagos\Local Sites\alquipressyago\app\public\deep-price-search.php on line 7
[13-Mar-2026 09:51:01 UTC] PHP Warning:  Undefined variable $key in C:\Users\yagos\Local Sites\alquipressyago\app\public\deep-price-search.php on line 7
[13-Mar-2026 09:51:01 UTC] PHP Warning:  Undefined variable $key in C:\Users\yagos\Local Sites\alquipressyago\app\public\deep-price-search.php on line 7
[13-Mar-2026 09:51:01 UTC] PHP Warning:  Undefined variable $key in C:\Users\yagos\Local Sites\alquipressyago\app\public\deep-price-search.php on line 7
[13-Mar-2026 09:51:01 UTC] PHP Warning:  Undefined variable $key in C:\Users\yagos\Local Sites\alquipressyago\app\public\deep-price-search.php on line 7
[13-Mar-2026 09:51:01 UTC] PHP Warning:  Undefined variable $key in C:\Users\yagos\Local Sites\alquipressyago\app\public\deep-price-search.php on line 7
[13-Mar-2026 09:51:01 UTC] PHP Warning:  Undefined variable $key in C:\Users\yagos\Local Sites\alquipressyago\app\public\deep-price-search.php on line 7
[13-Mar-2026 09:51:01 UTC] PHP Warning:  Undefined variable $key in C:\Users\yagos\Local Sites\alquipressyago\app\public\deep-price-search.php on line 7
[13-Mar-2026 09:51:01 UTC] PHP Warning:  Undefined variable $key in C:\Users\yagos\Local Sites\alquipressyago\app\public\deep-price-search.php on line 7
[13-Mar-2026 09:51:01 UTC] PHP Warning:  Undefined variable $key in C:\Users\yagos\Local Sites\alquipressyago\app\public\deep-price-search.php on line 7
[13-Mar-2026 09:51:01 UTC] PHP Warning:  Undefined variable $key in C:\Users\yagos\Local Sites\alquipressyago\app\public\deep-price-search.php on line 7
[13-Mar-2026 09:51:01 UTC] PHP Warning:  Undefined variable $key in C:\Users\yagos\Local Sites\alquipressyago\app\public\deep-price-search.php on line 7
[13-Mar-2026 09:51:01 UTC] PHP Warning:  Undefined variable $key in C:\Users\yagos\Local Sites\alquipressyago\app\public\deep-price-search.php on line 7
[13-Mar-2026 09:51:01 UTC] PHP Warning:  Undefined variable $key in C:\Users\yagos\Local Sites\alquipressyago\app\public\deep-price-search.php on line 7
[13-Mar-2026 09:51:01 UTC] PHP Warning:  Undefined variable $key in C:\Users\yagos\Local Sites\alquipressyago\app\public\deep-price-search.php on line 7
[13-Mar-2026 09:51:01 UTC] PHP Warning:  Undefined variable $key in C:\Users\yagos\Local Sites\alquipressyago\app\public\deep-price-search.php on line 7
[13-Mar-2026 09:51:01 UTC] PHP Warning:  Undefined variable $key in C:\Users\yagos\Local Sites\alquipressyago\app\public\deep-price-search.php on line 7
[13-Mar-2026 09:51:01 UTC] PHP Warning:  Undefined variable $key in C:\Users\yagos\Local Sites\alquipressyago\app\public\deep-price-search.php on line 7
[13-Mar-2026 09:51:01 UTC] PHP Warning:  Undefined variable $key in C:\Users\yagos\Local Sites\alquipressyago\app\public\deep-price-search.php on line 7
[13-Mar-2026 09:51:01 UTC] PHP Warning:  Undefined variable $key in C:\Users\yagos\Local Sites\alquipressyago\app\public\deep-price-search.php on line 7
[13-Mar-2026 09:51:01 UTC] PHP Warning:  Undefined variable $key in C:\Users\yagos\Local Sites\alquipressyago\app\public\deep-price-search.php on line 7
[13-Mar-2026 09:51:01 UTC] PHP Warning:  Undefined variable $key in C:\Users\yagos\Local Sites\alquipressyago\app\public\deep-price-search.php on line 7
[13-Mar-2026 09:51:01 UTC] PHP Warning:  Undefined variable $key in C:\Users\yagos\Local Sites\alquipressyago\app\public\deep-price-search.php on line 7
[13-Mar-2026 09:51:01 UTC] PHP Warning:  Undefined variable $key in C:\Users\yagos\Local Sites\alquipressyago\app\public\deep-price-search.php on line 7
[13-Mar-2026 09:51:01 UTC] PHP Warning:  Undefined variable $key in C:\Users\yagos\Local Sites\alquipressyago\app\public\deep-price-search.php on line 7
[13-Mar-2026 09:51:01 UTC] PHP Warning:  Undefined variable $key in C:\Users\yagos\Local Sites\alquipressyago\app\public\deep-price-search.php on line 7
[13-Mar-2026 09:51:01 UTC] PHP Warning:  Undefined variable $key in C:\Users\yagos\Local Sites\alquipressyago\app\public\deep-price-search.php on line 7
[13-Mar-2026 09:51:01 UTC] PHP Warning:  Undefined variable $key in C:\Users\yagos\Local Sites\alquipressyago\app\public\deep-price-search.php on line 7
[13-Mar-2026 09:51:01 UTC] PHP Warning:  Undefined variable $key in C:\Users\yagos\Local Sites\alquipressyago\app\public\deep-price-search.php on line 7
[13-Mar-2026 09:51:01 UTC] PHP Warning:  Undefined variable $key in C:\Users\yagos\Local Sites\alquipressyago\app\public\deep-price-search.php on line 7
[13-Mar-2026 09:51:01 UTC] PHP Warning:  Undefined variable $key in C:\Users\yagos\Local Sites\alquipressyago\app\public\deep-price-search.php on line 7
[13-Mar-2026 09:51:01 UTC] PHP Warning:  Undefined variable $key in C:\Users\yagos\Local Sites\alquipressyago\app\public\deep-price-search.php on line 7
[13-Mar-2026 09:51:01 UTC] PHP Warning:  Undefined variable $key in C:\Users\yagos\Local Sites\alquipressyago\app\public\deep-price-search.php on line 7
[13-Mar-2026 09:51:01 UTC] PHP Warning:  Undefined variable $key in C:\Users\yagos\Local Sites\alquipressyago\app\public\deep-price-search.php on line 7
[13-Mar-2026 09:51:01 UTC] PHP Warning:  Undefined variable $key in C:\Users\yagos\Local Sites\alquipressyago\app\public\deep-price-search.php on line 7
[13-Mar-2026 09:51:01 UTC] PHP Warning:  Undefined variable $key in C:\Users\yagos\Local Sites\alquipressyago\app\public\deep-price-search.php on line 7
[13-Mar-2026 09:51:01 UTC] PHP Warning:  Undefined variable $key in C:\Users\yagos\Local Sites\alquipressyago\app\public\deep-price-search.php on line 7
[13-Mar-2026 09:51:01 UTC] PHP Warning:  Undefined variable $key in C:\Users\yagos\Local Sites\alquipressyago\app\public\deep-price-search.php on line 7
[13-Mar-2026 09:51:01 UTC] PHP Warning:  Undefined variable $key in C:\Users\yagos\Local Sites\alquipressyago\app\public\deep-price-search.php on line 7
[13-Mar-2026 09:51:01 UTC] PHP Warning:  Undefined variable $key in C:\Users\yagos\Local Sites\alquipressyago\app\public\deep-price-search.php on line 7
[13-Mar-2026 09:51:01 UTC] PHP Warning:  Undefined variable $key in C:\Users\yagos\Local Sites\alquipressyago\app\public\deep-price-search.php on line 7
[13-Mar-2026 09:51:01 UTC] PHP Warning:  Undefined variable $key in C:\Users\yagos\Local Sites\alquipressyago\app\public\deep-price-search.php on line 7
[13-Mar-2026 09:51:01 UTC] PHP Warning:  Undefined variable $key in C:\Users\yagos\Local Sites\alquipressyago\app\public\deep-price-search.php on line 7
[13-Mar-2026 09:51:01 UTC] PHP Warning:  Undefined variable $key in C:\Users\yagos\Local Sites\alquipressyago\app\public\deep-price-search.php on line 7
[13-Mar-2026 09:51:01 UTC] PHP Warning:  Undefined variable $key in C:\Users\yagos\Local Sites\alquipressyago\app\public\deep-price-search.php on line 7
[13-Mar-2026 09:51:01 UTC] PHP Warning:  Undefined variable $key in C:\Users\yagos\Local Sites\alquipressyago\app\public\deep-price-search.php on line 7
[13-Mar-2026 09:51:01 UTC] PHP Warning:  Undefined variable $key in C:\Users\yagos\Local Sites\alquipressyago\app\public\deep-price-search.php on line 7
[13-Mar-2026 09:51:01 UTC] PHP Warning:  Undefined variable $key in C:\Users\yagos\Local Sites\alquipressyago\app\public\deep-price-search.php on line 7
[13-Mar-2026 09:51:01 UTC] PHP Warning:  Undefined variable $key in C:\Users\yagos\Local Sites\alquipressyago\app\public\deep-price-search.php on line 7
[13-Mar-2026 09:51:01 UTC] PHP Warning:  Undefined variable $key in C:\Users\yagos\Local Sites\alquipressyago\app\public\deep-price-search.php on line 7
[13-Mar-2026 09:51:01 UTC] PHP Warning:  Undefined variable $key in C:\Users\yagos\Local Sites\alquipressyago\app\public\deep-price-search.php on line 7
[13-Mar-2026 09:51:01 UTC] PHP Warning:  Undefined variable $key in C:\Users\yagos\Local Sites\alquipressyago\app\public\deep-price-search.php on line 7
[13-Mar-2026 09:51:01 UTC] PHP Warning:  Undefined variable $key in C:\Users\yagos\Local Sites\alquipressyago\app\public\deep-price-search.php on line 7
[13-Mar-2026 09:51:01 UTC] PHP Warning:  Undefined variable $key in C:\Users\yagos\Local Sites\alquipressyago\app\public\deep-price-search.php on line 7
[13-Mar-2026 09:51:01 UTC] PHP Warning:  Undefined variable $key in C:\Users\yagos\Local Sites\alquipressyago\app\public\deep-price-search.php on line 7
[13-Mar-2026 09:51:01 UTC] PHP Warning:  Undefined variable $key in C:\Users\yagos\Local Sites\alquipressyago\app\public\deep-price-search.php on line 7
[13-Mar-2026 09:51:01 UTC] PHP Warning:  Undefined variable $key in C:\Users\yagos\Local Sites\alquipressyago\app\public\deep-price-search.php on line 7
[13-Mar-2026 09:51:01 UTC] PHP Warning:  Undefined variable $key in C:\Users\yagos\Local Sites\alquipressyago\app\public\deep-price-search.php on line 7
[13-Mar-2026 09:51:01 UTC] PHP Warning:  Undefined variable $key in C:\Users\yagos\Local Sites\alquipressyago\app\public\deep-price-search.php on line 7
[13-Mar-2026 09:51:01 UTC] PHP Warning:  Undefined variable $key in C:\Users\yagos\Local Sites\alquipressyago\app\public\deep-price-search.php on line 7
[13-Mar-2026 10:23:33 UTC] ALQUIPRESS Kyero: Nonce faltante en save_post_product (Post ID: 4060)
[13-Mar-2026 10:41:59 UTC] ALQUIPRESS Kyero: Nonce faltante en save_post_product (Post ID: 4059)
[16-Mar-2026 08:38:05 UTC] PHP Parse error:  syntax error, unexpected variable "$this", expecting "function" or "const" in C:\Users\yagos\Local Sites\alquipressyago\app\public\wp-content\plugins\alquipress-core\includes\modules\property-editor\property-editor.php on line 185
[17-Mar-2026 08:30:15 UTC] ALQUIPRESS Kyero: Nonce faltante en save_post_product (Post ID: 4060)
[17-Mar-2026 08:38:44 UTC] ALQUIPRESS Kyero: Nonce faltante en save_post_product (Post ID: 4060)
[17-Mar-2026 08:43:17 UTC] ALQUIPRESS Kyero: Nonce faltante en save_post_product (Post ID: 3867)
[17-Mar-2026 08:43:58 UTC] ALQUIPRESS Kyero: Nonce faltante en save_post_product (Post ID: 3867)
[17-Mar-2026 08:45:38 UTC] ALQUIPRESS Kyero: Nonce faltante en save_post_product (Post ID: 4060)
[17-Mar-2026 08:45:49 UTC] ALQUIPRESS Kyero: Nonce faltante en save_post_product (Post ID: 4060)
[17-Mar-2026 08:50:24 UTC] ALQUIPRESS Kyero: Nonce faltante en save_post_product (Post ID: 4060)
[17-Mar-2026 08:50:41 UTC] ALQUIPRESS Kyero: Nonce faltante en save_post_product (Post ID: 3867)
[17-Mar-2026 08:57:05 UTC] ALQUIPRESS Kyero: Nonce faltante en save_post_product (Post ID: 4060)
[17-Mar-2026 08:57:14 UTC] ALQUIPRESS Kyero: Nonce faltante en save_post_product (Post ID: 4060)
[24-Mar-2026 08:36:45 UTC] WordPress database error Deadlock found when trying to get lock; try restarting transaction for query INSERT IGNORE INTO wp_mailpoet_subscriber_segment (subscriber_id, segment_id, created_at)
        SELECT s.id, '1', CURRENT_TIMESTAMP() FROM wp_mailpoet_subscribers s
        WHERE s.wp_user_id > 0 made by require('wp-blog-header.php'), require_once('wp-load.php'), require_once('wp-config.php'), require_once('wp-settings.php'), do_action('init'), WP_Hook->do_action, WP_Hook->apply_filters, MailPoet\Config\Initializer->maybeRunActivator, MailPoet\Config\Activator->activate, MailPoet\Config\Activator->processActivate, MailPoet\Config\Populator->up, MailPoet\Config\Populator->createDefaultSegment, MailPoet\Segments\WP->synchronizeUsers, MailPoet\Segments\WP->insertUsersToSegment, MailPoetVendor\Doctrine\DBAL\Connection->executeStatement, MailPoet\Doctrine\WPDB\Connection->exec, MailPoet\Doctrine\WPDB\Connection->runQuery
[25-Mar-2026 08:28:45 UTC] MailPoet: Failed to fetch translations from WordPress.com API with error: cURL error 28: Connection timed out after 10003 milliseconds
[26-Mar-2026 08:37:06 UTC] ALQUIPRESS Kyero: Nonce faltante en save_post_product (Post ID: 4063)
[26-Mar-2026 08:37:28 UTC] ALQUIPRESS Kyero: Nonce faltante en save_post_product (Post ID: 4063)
[26-Mar-2026 08:57:20 UTC] ALQUIPRESS Kyero: Nonce faltante en save_post_product (Post ID: 4063)
[26-Mar-2026 09:22:31 UTC] ALQUIPRESS Kyero: Nonce faltante en save_post_product (Post ID: 4063)
[26-Mar-2026 09:26:11 UTC] PHP Parse error:  syntax error, unexpected token ":", expecting ")" in C:\Users\yagos\Local Sites\alquipressyago2\app\public\wp-content\plugins\alquipress-core\includes\modules\ui-enhancements\ui-enhancements.php on line 96
[26-Mar-2026 09:26:34 UTC] PHP Parse error:  syntax error, unexpected token ":", expecting ")" in C:\Users\yagos\Local Sites\alquipressyago2\app\public\wp-content\plugins\alquipress-core\includes\modules\ui-enhancements\ui-enhancements.php on line 96
[26-Mar-2026 09:27:02 UTC] PHP Parse error:  syntax error, unexpected token ":", expecting ")" in C:\Users\yagos\Local Sites\alquipressyago2\app\public\wp-content\plugins\alquipress-core\includes\modules\ui-enhancements\ui-enhancements.php on line 96
[26-Mar-2026 09:27:11 UTC] PHP Parse error:  syntax error, unexpected token ":", expecting ")" in C:\Users\yagos\Local Sites\alquipressyago2\app\public\wp-content\plugins\alquipress-core\includes\modules\ui-enhancements\ui-enhancements.php on line 96
[26-Mar-2026 09:27:33 UTC] PHP Parse error:  syntax error, unexpected token ":", expecting ")" in C:\Users\yagos\Local Sites\alquipressyago2\app\public\wp-content\plugins\alquipress-core\includes\modules\ui-enhancements\ui-enhancements.php on line 96
[26-Mar-2026 09:28:11 UTC] PHP Parse error:  syntax error, unexpected token ":", expecting ")" in C:\Users\yagos\Local Sites\alquipressyago2\app\public\wp-content\plugins\alquipress-core\includes\modules\ui-enhancements\ui-enhancements.php on line 96
[26-Mar-2026 09:28:33 UTC] PHP Parse error:  syntax error, unexpected token ":", expecting ")" in C:\Users\yagos\Local Sites\alquipressyago2\app\public\wp-content\plugins\alquipress-core\includes\modules\ui-enhancements\ui-enhancements.php on line 96
[26-Mar-2026 09:29:11 UTC] PHP Parse error:  syntax error, unexpected token ":", expecting ")" in C:\Users\yagos\Local Sites\alquipressyago2\app\public\wp-content\plugins\alquipress-core\includes\modules\ui-enhancements\ui-enhancements.php on line 96
[26-Mar-2026 09:29:12 UTC] PHP Parse error:  syntax error, unexpected token ":", expecting ")" in C:\Users\yagos\Local Sites\alquipressyago2\app\public\wp-content\plugins\alquipress-core\includes\modules\ui-enhancements\ui-enhancements.php on line 96
[26-Mar-2026 09:29:13 UTC] PHP Parse error:  syntax error, unexpected token ":", expecting ")" in C:\Users\yagos\Local Sites\alquipressyago2\app\public\wp-content\plugins\alquipress-core\includes\modules\ui-enhancements\ui-enhancements.php on line 96
[26-Mar-2026 09:29:14 UTC] PHP Parse error:  syntax error, unexpected token ":", expecting ")" in C:\Users\yagos\Local Sites\alquipressyago2\app\public\wp-content\plugins\alquipress-core\includes\modules\ui-enhancements\ui-enhancements.php on line 96
[30-Mar-2026 07:33:46 UTC] ALQUIPRESS Kyero: Nonce faltante en save_post_product (Post ID: 4063)
[30-Mar-2026 07:40:37 UTC] ALQUIPRESS Kyero: Nonce faltante en save_post_product (Post ID: 3873)
[30-Mar-2026 07:54:32 UTC] ALQUIPRESS Kyero: Nonce faltante en save_post_product (Post ID: 3873)
[30-Mar-2026 07:56:40 UTC] ALQUIPRESS Kyero: Nonce faltante en save_post_product (Post ID: 4063)
[30-Mar-2026 07:57:18 UTC] ALQUIPRESS Kyero: Nonce faltante en save_post_product (Post ID: 4063)
[30-Mar-2026 08:45:06 UTC] ALQUIPRESS Kyero: Nonce faltante en save_post_product (Post ID: 4063)
